N_diagnostic_tests_0.025,N_diagnostic_tests_0.25,N_diagnostic_tests_0.75,N_diagnostic_tests_0.975,N_diagnostic_tests_mean,N_diagnostic_tests_median,N_diagnostic_tests_std,N_employee_screens_0.025,N_employee_screens_0.25,N_employee_screens_0.75,N_employee_screens_0.975,N_employee_screens_mean,N_employee_screens_median,N_employee_screens_std,N_preventive_tests_0.025,N_preventive_tests_0.25,N_preventive_tests_0.75,N_preventive_tests_0.975,N_preventive_tests_mean,N_preventive_tests_median,N_preventive_tests_std,N_resident_screens_0.025,N_resident_screens_0.25,N_resident_screens_0.75,N_resident_screens_0.975,N_resident_screens_mean,N_resident_screens_median,N_resident_screens_std,R0_0.025,R0_0.25,R0_0.75,R0_0.975,R0_mean,R0_median,R0_std,duration_0.025,duration_0.25,duration_0.75,duration_0.975,duration_mean,duration_median,duration_std,employee_screen_interval,index_case,infected_employees_0.025,infected_employees_0.25,infected_employees_0.75,infected_employees_0.975,infected_employees_mean,infected_employees_median,infected_employees_std,infected_residents_0.025,infected_residents_0.25,infected_residents_0.75,infected_residents_0.975,infected_residents_mean,infected_residents_median,infected_residents_std,pending_test_infections_0.025,pending_test_infections_0.25,pending_test_infections_0.75,pending_test_infections_0.975,pending_test_infections_mean,pending_test_infections_median,pending_test_infections_std,predetected_infections_0.025,predetected_infections_0.25,predetected_infections_0.75,predetected_infections_0.975,predetected_infections_mean,predetected_infections_median,predetected_infections_std,resident_screen_interval,test_type,transmissions_0.025,transmissions_0.25,transmissions_0.75,transmissions_0.975,transmissions_mean,transmissions_median,transmissions_std,undetected_infections_0.025,undetected_infections_0.25,undetected_infections_0.75,undetected_infections_0.975,undetected_infections_mean,undetected_infections_median,undetected_infections_std
52.0,53.0,342.0,642.0249999999996,224.4243,155.0,180.3822620036531,4.0,5.0,15.0,30.0,11.4283,9.0,7.441948492816714,159.0,210.0,389.0,612.0249999999996,310.814,270.0,126.93561072026594,4.0,5.0,15.0,30.0,11.2327,9.0,7.488401586842987,1.0,1.0,2.0,4.0,1.734534179831685,1.0,0.9267862381091228,12.0,12.0,34.0,64.0,25.668000000000003,22.0,15.006815000180582,2.0,employee,1.0,1.0,5.0,12.0,3.4991,2.0,3.2576157532833125,0.0,0.0,6.0,18.0,3.9738,2.0,5.229880373858707,0.0,0.0,0.0,8.0,0.8443,0.0,2.070576305916752,0.0,0.0,2.0,9.0,1.506,0.0,2.510018728894655,2.0,same_day_antigen,0.0,0.0,10.0,29.0,6.4729,3.0,8.265210037240191,0.0,0.0,4.0,12.0,2.6136,1.0,3.2171928871311555
52.0,53.0,402.0,689.0,245.7934,155.0,202.1075220309381,3.0,4.0,14.0,25.0,9.7403,7.0,6.671724447300718,141.0,176.0,350.0,527.0,279.4379,259.0,108.6277089029505,4.0,5.0,17.0,32.0,12.1339,9.0,8.398537035248058,1.0,1.0,2.0,4.0,1.8344778254649496,2.0,1.0306152593755675,12.0,12.0,37.0,66.02499999999964,27.2193,22.0,16.44332222498177,3.0,employee,1.0,1.0,6.0,14.0,3.8782,2.0,3.799632677094996,0.0,0.0,7.0,21.0,4.6963,2.0,6.200428278843657,0.0,0.0,1.0,9.0,1.1343,0.0,2.44353444748782,0.0,0.0,2.0,8.0,1.1826,0.0,2.1441821265226446,2.0,same_day_antigen,0.0,0.0,12.0,33.0,7.5745,3.0,9.792723803618145,0.0,0.0,3.0,10.0,2.08,1.0,2.8469300133740734
52.0,53.0,401.0,668.0249999999996,260.6357,244.0,191.0030355818204,2.0,3.0,10.0,19.0,7.2352,6.0,5.0160938069087155,123.0,158.0,307.0,464.0,249.0641,240.0,93.85159350458751,4.0,6.0,18.0,32.0,12.8263,11.0,7.967928030404754,1.0,1.0,3.0,5.0,2.014105123087159,2.0,1.1600955910055557,12.0,17.0,38.0,67.0,28.6712,25.0,15.910581548784508,7.0,employee,1.0,1.0,6.0,13.0,4.2299,3.0,3.680244612799672,0.0,0.0,9.0,20.0,5.3516,3.0,5.983657565050456,0.0,0.0,2.0,8.0,1.235,0.0,2.3287158031260864,0.0,0.0,4.0,10.0,2.1859,1.0,2.9268067598973766,2.0,same_day_antigen,0.0,1.0,14.0,32.0,8.5815,5.0,9.421647122103932,0.0,0.0,3.0,8.0,1.796,1.0,2.2355947281157285
0.0,104.0,412.0,669.0,276.1692,252.0,186.36176496831158,0.0,2.0,9.0,17.0,6.2284,5.0,4.745385685961769,105.0,174.0,302.0,463.0,246.4396,237.0,94.00973851114306,4.0,7.0,19.0,32.0,13.9363,13.0,7.95211707198735,1.0,1.0,3.0,5.0,2.1580059671805074,2.0,1.2337303454063104,12.0,18.0,40.0,68.0,30.8527,28.0,15.941731919451511,,employee,1.0,1.0,7.0,13.0,4.7955,4.0,3.7440194334634285,0.0,1.0,10.0,21.0,6.2063,5.0,6.0779465655306115,0.0,0.0,2.0,8.0,1.3643,0.0,2.4163131765018977,0.0,0.0,5.0,10.0,2.6047,1.0,3.177585186074715,2.0,same_day_antigen,0.0,1.0,16.0,32.0,10.0018,8.0,9.54275134174191,0.0,0.0,2.0,8.0,1.6949,1.0,2.1220424822396096
52.0,53.0,387.0,661.0,232.9392,153.0,195.46285497794102,4.0,5.0,17.0,31.0,11.8597,9.0,8.09521890790587,123.0,176.0,302.0,472.0,244.5655,227.0,96.8918051846553,3.0,4.0,14.0,26.0,9.6071,7.0,6.945714785778965,1.0,1.0,2.0,4.0,1.7400207745956373,1.0,0.9568081334615478,12.0,12.0,37.0,67.0,26.7159,22.0,16.381471925692306,2.0,employee,1.0,1.0,6.0,14.0,3.8427,2.0,3.918021413823553,0.0,0.0,7.0,21.0,4.6225,1.0,6.331224383183637,0.0,0.0,0.0,8.0,0.9122,0.0,2.177283908111584,0.0,0.0,1.0,7.0,1.002,0.0,2.036715694710999,3.0,same_day_antigen,0.0,0.0,12.0,34.0,7.4652,2.0,10.051681082747251,0.0,0.0,2.0,8.0,1.8129,1.0,2.3738275202106767
52.0,53.0,257.25,428.0,174.0325,153.0,116.4514574316002,3.0,4.0,14.0,22.0,9.2201,8.0,5.756332993056665,105.0,158.0,350.0,517.0249999999996,257.3454,226.0,122.65822191268008,3.0,4.0,13.0,22.0,9.0383,8.0,5.772899249646978,1.0,1.0,2.0,4.0,1.8264651361756736,2.0,1.0086482902694387,12.0,12.0,35.0,58.0,25.7311,22.0,14.121031589204605,3.0,employee,1.0,1.0,5.0,12.0,3.3856,2.0,3.2194330424643853,0.0,0.0,6.0,18.0,3.8681,2.0,5.198269384175762,0.0,0.0,0.0,1.0,0.0737,0.0,0.4887659963826474,0.0,0.0,0.0,3.0,0.2676,0.0,0.9350281641569824,3.0,same_day_antigen,0.0,0.0,10.0,29.0,6.2537,3.0,8.204051862140785,0.0,0.0,1.0,1.0,0.2934,0.0,0.6142916045474998
52.0,53.0,356.0,598.0,237.9418,238.0,168.060241691019,2.0,3.0,9.0,17.0,6.6291,6.0,4.310799402564322,88.0,123.0,238.0,380.0,190.0081,180.0,81.65402238914645,3.0,4.0,14.0,26.0,10.2782,9.0,6.593386992677096,1.0,1.0,3.0,5.0,2.0005366246310707,2.0,1.1618053804533608,12.0,12.0,35.0,63.0,27.4423,25.0,14.61114708953158,7.0,employee,1.0,1.0,6.0,12.0,3.9817,3.0,3.2570271617831588,0.0,0.0,8.0,18.0,4.897,3.0,5.259102282298907,0.0,0.0,0.0,4.0,0.5293,0.0,1.2931004295382813,0.0,0.0,5.0,10.0,2.4863,1.0,3.1136123342794004,3.0,same_day_antigen,0.0,0.0,13.0,27.0,7.8787,5.0,8.23556730085285,0.0,0.0,1.0,4.0,0.5896,0.0,1.1428483933772775
0.0,104.0,363.0,591.0249999999996,254.9753,251.0,161.03156462753086,0.0,2.0,8.0,15.0,5.6324,5.0,3.9698168956034308,70.0,133.0,222.0,350.0,176.4028,169.0,76.73756197262037,3.0,6.0,15.0,26.0,11.0668,10.0,6.441668050181326,1.0,1.0,3.0,5.0,2.186092551348676,2.0,1.2669890802159312,12.0,18.0,36.0,65.0,29.4686,28.0,14.422122375066028,,employee,1.0,1.0,7.0,12.0,4.5456,4.0,3.302273632077468,0.0,1.0,9.0,18.0,5.8097,5.0,5.277051320298458,0.0,0.0,1.0,4.0,0.5995,0.0,1.2954024690248491,0.0,0.0,6.0,11.0,3.1942,3.0,3.3714719400143656,3.0,same_day_antigen,0.0,1.0,15.0,28.0,9.3553,8.0,8.25587535381838,0.0,0.0,0.0,3.0,0.3784,0.0,0.8699937522263544
52.0,53.0,382.0,652.0,245.2626,205.0,187.54790231513195,4.0,5.0,16.0,31.0,12.0239,11.0,7.5996779076767496,88.0,106.0,173.0,264.0,144.5184,132.0,48.73595162442274,2.0,2.0,10.0,19.0,6.7212,6.0,5.026290572548703,1.0,1.0,2.0,4.0,1.7340707964601767,1.0,0.956922098986226,12.0,12.0,35.0,65.0,26.6442,24.0,15.364609122309234,2.0,employee,1.0,1.0,7.0,14.0,4.2663,3.0,3.869041387491973,0.0,0.0,8.0,21.0,5.0377,3.0,6.1208843505267465,0.0,0.0,1.0,7.0,1.0632,0.0,2.094909216281805,0.0,0.0,5.0,12.0,2.8806,1.0,3.5909376384605083,7.0,same_day_antigen,0.0,0.0,14.0,33.0,8.304,5.0,9.766684330533122,0.0,0.0,2.0,6.0,1.3624,1.0,1.6232466642421592
52.0,53.0,363.25,604.0,237.3363,239.0,172.95891443032966,3.0,4.0,14.0,26.0,10.0399,9.0,6.525915012216653,70.0,88.0,143.0,233.0,119.88,106.0,44.771125129535626,2.0,2.0,9.0,17.0,6.4615,6.0,4.562981462813869,1.0,1.0,2.0,4.0,1.841002991879185,2.0,1.0355988584262898,12.0,12.0,34.0,61.0,25.8965,24.0,14.144270705461592,3.0,employee,1.0,1.0,6.0,12.0,4.0696,3.0,3.4615248165231365,0.0,0.0,8.0,18.0,4.7411,3.0,5.392529900507998,0.0,0.0,1.0,5.0,0.7165,0.0,1.5049764933129497,0.0,0.0,6.0,12.0,3.2759,2.0,3.7853945780078364,7.0,same_day_antigen,0.0,0.0,13.0,28.0,7.8107,5.0,8.59886385262353,0.0,0.0,1.0,4.0,0.7119,0.0,1.2282708394020811
52.0,102.0,370.0,604.0,257.4858,279.0,167.09238877040002,2.0,3.0,10.0,18.0,7.3214,7.0,4.563155079375218,52.0,53.0,105.0,166.0,80.2866,70.0,36.5311663248151,2.0,3.0,10.0,18.0,7.192,7.0,4.5594752857635,1.0,1.0,3.0,5.0,1.9972440944881888,2.0,1.1429487383996269,12.0,17.0,35.0,63.0,27.8816,26.0,14.148434516225677,7.0,employee,1.0,1.0,7.0,13.0,4.582,4.0,3.4959259359738986,0.0,0.0,9.0,19.0,5.5932,5.0,5.4937721024075366,0.0,0.0,1.0,6.0,0.951,0.0,1.6526560825570216,0.0,0.0,7.0,13.0,4.1875,4.0,4.016186838989512,7.0,same_day_antigen,0.0,1.0,15.0,30.0,9.1752,8.0,8.686774485682044,0.0,0.0,1.0,5.0,0.8275,0.0,1.389293620397203
0.0,105.0,361.0,588.0249999999996,262.7545,280.0,157.4263749697096,0.0,2.0,8.0,15.0,5.8055,6.0,3.8617562152609546,35.0,35.0,70.0,124.0,57.5632,58.0,26.532436804415045,2.0,4.0,10.0,17.0,7.4853,7.0,4.31036446651364,1.0,1.0,3.0,5.0,2.17677082036599,2.0,1.2490527005654637,12.0,22.0,35.0,63.0,28.9479,27.0,13.633809946869832,,employee,1.0,2.0,7.0,13.0,4.941,4.0,3.4775463092291496,0.0,1.0,10.0,19.0,6.2606,6.0,5.4556268225019435,0.0,0.0,1.0,6.0,0.9655,0.0,1.5917170308539863,0.0,0.0,8.0,13.0,4.8049,5.0,4.145908205144507,7.0,same_day_antigen,0.0,2.0,15.0,30.0,10.2016,9.0,8.595402581296204,0.0,0.0,0.0,3.0,0.4254,0.0,0.9032809262035618
52.0,53.0,377.0,637.0,240.6776,203.0,186.23126500844762,4.0,5.0,17.0,31.0,12.0813,11.0,7.8217011072285985,53.0,71.0,129.0,193.0249999999996,103.9746,96.0,38.59782810046968,1.0,1.0,8.0,17.0,5.4176,4.0,4.72345650388933,1.0,1.0,2.0,4.0,1.7279378826340153,1.0,0.9382282374409424,12.0,12.0,35.0,65.0,26.6358,23.0,15.73017807306138,2.0,employee,1.0,1.0,7.0,14.0,4.3748,3.0,4.008781859018936,0.0,0.0,9.0,21.0,5.1972,2.0,6.3487749097196255,0.0,0.0,1.0,8.0,1.0693,0.0,2.145869983432962,0.0,0.0,5.0,12.0,2.9546,1.0,3.6945776254374514,,same_day_antigen,0.0,0.0,14.0,34.0,8.572000000000001,4.0,10.137341494161914,0.0,0.0,2.0,5.0,1.175,1.0,1.4009180051400985
52.0,53.0,350.0,592.0249999999996,234.644,244.0,168.29290452711138,3.0,4.0,14.0,25.0,9.9242,9.0,6.277355723510334,35.0,53.0,95.0,147.0,76.6646,71.0,30.244516526438176,1.0,1.0,8.0,15.0,5.1521,5.0,4.096735763311009,1.0,1.0,2.0,4.0,1.81831106056298,2.0,0.9880417904889054,12.0,12.0,34.0,60.0,25.8522,24.0,13.833585651203993,3.0,employee,1.0,1.0,7.0,12.0,4.1731,3.0,3.513057151122752,0.0,0.0,8.0,18.0,4.8972,3.0,5.494037732402329,0.0,0.0,1.0,5.0,0.6809999999999999,0.0,1.4186050345407641,0.0,0.0,6.0,13.0,3.5033,2.0,4.0415124015953765,,same_day_antigen,0.0,0.0,14.0,28.0,8.0703,5.0,8.746176734479308,0.0,0.0,1.0,2.0,0.4454,0.0,0.7502500433273905
52.0,102.0,354.0,589.0,252.9093,277.0,161.00634204194498,2.0,3.0,10.0,17.0,7.2134,7.0,4.3814815049270495,17.0,18.0,36.0,54.0,28.3591,18.0,12.336286539577406,1.0,2.0,8.0,15.0,5.5796,6.0,3.94953462098666,1.0,1.0,3.0,5.0,2.0097355611103804,2.0,1.1682915759255743,12.0,17.0,35.0,62.0,27.6244,26.0,13.748557266953222,7.0,employee,1.0,1.0,7.0,13.0,4.7098,4.0,3.582243320423764,0.0,0.0,9.0,19.0,5.8073,5.0,5.658760364857898,0.0,0.0,1.0,5.0,0.9223,0.0,1.5809214532240767,0.0,0.0,8.0,14.0,4.5224,4.0,4.267636290963792,,same_day_antigen,0.0,1.0,15.0,30.024999999999643,9.5171,8.0,8.93481341042262,0.0,0.0,1.0,2.0,0.4166,0.0,0.7256011919153459
0.0,105.0,344.0,569.0249999999996,257.6482,276.0,150.04551843530768,0.0,2.0,8.0,14.0,5.7016,6.0,3.668883142095293,0.0,0.0,0.0,0.0,0.0,0.0,0.0,0.0,2.0,8.0,14.0,5.7016,6.0,3.668883142095293,1.0,1.0,3.0,5.0,2.184894861266642,2.0,1.2632200983769517,12.0,22.0,35.0,61.024999999999636,28.7583,28.0,13.257935676259693,,employee,1.0,2.0,7.0,13.0,5.15,5.0,3.55330305437907,0.0,1.0,10.0,20.0,6.5706,6.0,5.64116990701326,0.0,0.0,1.0,5.0,0.9428,0.0,1.490822060153895,0.0,0.0,8.0,15.0,5.2517,5.0,4.420056651229711,,same_day_antigen,0.0,2.0,16.0,30.0,10.7206,10.0,8.859039671340785,0.0,0.0,0.0,0.0,0.0,0.0,0.0
52.0,103.0,378.0,626.0,252.8708,204.0,172.14765577520618,4.0,7.0,16.0,30.0,12.2735,11.0,7.229974066516439,176.0,244.0,398.0,603.0,328.9256,307.0,117.7249496963923,4.0,7.0,17.0,30.0,12.4774,11.0,7.176742980209086,1.0,1.0,3.0,5.0,2.1660830415207606,2.0,1.2553545961535553,12.0,17.0,35.0,63.0,27.5924,24.0,14.415888596420356,2.0,resident,0.0,0.0,5.0,12.0,3.32,2.0,3.594731173428817,1.0,1.0,8.0,19.0,5.5619,4.0,5.240316257769959,0.0,0.0,1.0,8.0,1.0564,0.0,2.2927591924298216,0.0,0.0,3.0,9.0,1.8309,0.0,2.7147821633087657,2.0,same_day_antigen,0.0,1.0,12.0,30.0,7.8819,5.0,8.56721028685592,0.0,1.0,5.0,12.0,3.1,2.0,3.392337069791195
52.0,103.0,440.0,690.0249999999997,281.3197,246.0,199.3588665890704,3.0,5.0,15.0,26.0,10.7113,9.0,6.669692705820787,140.0,221.0,359.0,529.0249999999996,294.3829,276.0,101.39136900427401,4.0,7.0,19.0,33.0,13.6547,11.0,8.369663854498802,1.0,1.0,3.0,5.0,2.1875,2.0,1.2409413797095656,12.0,17.0,40.0,68.0,29.695999999999998,24.0,16.349186939764287,3.0,resident,0.0,0.0,7.0,14.0,3.9178,2.0,4.239674591765788,1.0,1.0,10.0,22.0,6.5298,4.0,6.399516180207225,0.0,0.0,2.0,9.0,1.401,0.0,2.694276324449897,0.0,0.0,2.0,8.0,1.3842,0.0,2.342635087655649,2.0,same_day_antigen,0.0,1.0,16.0,34.0,9.4476,5.0,10.397069978913033,0.0,1.0,4.0,11.0,2.5611,1.0,2.9700419028846192
52.0,104.0,417.0,671.0249999999996,278.8321,250.0,187.0096804222904,2.0,3.0,11.0,19.0,7.4314,6.0,5.009830723725906,122.0,185.0,295.0,449.0,244.8493,222.0,86.22890543154999,4.0,7.0,18.0,32.0,13.4077,12.0,7.8768575712983315,1.0,1.0,3.0,5.0,2.2002238527546325,2.0,1.2787801049628846,12.0,17.0,39.0,68.0,29.2501,25.0,15.787687452489983,7.0,resident,0.0,0.0,6.0,13.0,3.8021,3.0,3.950708341505352,1.0,2.0,9.0,22.0,6.4458,4.0,5.937793201081518,0.0,0.0,1.0,9.0,1.266,0.0,2.4091542919539717,0.0,0.0,4.0,10.0,2.4666,1.0,3.0264831735927435,2.0,same_day_antigen,0.0,1.0,14.25,33.0,9.2479,6.0,9.62613691161642,0.0,0.0,3.0,8.0,2.0162,1.0,2.2074475854443856
52.0,104.0,412.0,672.0249999999996,276.226,250.0,185.46323620922425,1.0,2.0,9.0,17.0,6.202000000000001,5.0,4.7589348331401435,104.0,167.0,274.0,430.0,226.7279,205.0,85.68507253165791,4.0,7.0,18.0,32.0,13.3815,12.0,7.826051524124143,1.0,1.0,3.0,5.0,2.1998246053620645,2.0,1.242356899056968,12.0,17.0,38.0,68.0,29.1332,25.0,15.626371175279653,,resident,0.0,0.0,6.0,13.0,3.8113,3.0,3.9084805144701944,1.0,2.0,9.0,21.0,6.4262,4.0,5.865014356277395,0.0,0.0,1.0,8.0,1.1356,0.0,2.224569061807494,0.0,0.0,4.0,10.0,2.5063,1.0,3.0360965232037374,2.0,same_day_antigen,0.0,1.0,15.0,33.0,9.2375,6.0,9.507646043229014,0.0,0.0,3.0,8.0,1.9327,1.0,2.174912350963468
52.0,104.0,432.25,683.0249999999996,280.8955,245.0,192.33592823671574,4.0,7.0,19.0,32.0,13.4638,11.0,8.137598639104851,124.0,206.0,313.0,472.0,262.1906,242.0,89.15867651888884,3.0,6.0,16.0,27.0,11.2298,9.0,6.829879697744943,1.0,1.0,3.0,6.0,2.3741717865317438,2.0,1.400164466717866,12.0,17.0,40.0,67.0,29.904,24.0,16.118106692050823,2.0,resident,0.0,0.0,7.0,14.0,4.0394,2.0,4.2802663127392915,1.0,2.0,11.0,23.0,6.7394,4.0,6.487842233723394,0.0,0.0,2.0,9.0,1.3366,0.0,2.5547119397907725,0.0,0.0,3.0,8.0,1.6264,0.0,2.4773447002135907,3.0,same_day_antigen,0.0,1.0,16.0,35.0,9.7788,5.0,10.51832372925493,0.0,0.0,3.0,9.0,2.1938,1.0,2.592163862750412
52.0,103.0,277.0,436.0249999999997,196.1772,195.0,111.34650602780701,3.0,6.0,14.0,22.0,10.0683,8.0,5.627361889036728,106.0,191.0,363.0,519.0,280.7688,259.0,114.4519421908913,3.0,6.0,14.0,22.0,10.258,9.0,5.586336609592333,1.0,1.0,3.0,6.0,2.330405486704368,2.0,1.3501663013632506,12.0,17.0,38.0,58.0,28.0836,23.0,13.807703513170853,3.0,resident,0.0,0.0,5.0,12.0,3.3160000000000003,2.0,3.5707728913925894,1.0,1.0,8.0,19.0,5.5617,3.0,5.259026416161512,0.0,0.0,0.0,2.0,0.1006,0.0,0.5932240988725495,0.0,0.0,0.0,5.0,0.4462,0.0,1.284395004292957,3.0,same_day_antigen,0.0,1.0,12.0,29.0,7.8777,4.0,8.560167659399886,0.0,0.0,0.0,1.0,0.3006,0.0,0.6719261778490611
52.0,104.0,372.0,613.0499999999993,258.8863,247.0,163.58578790136488,2.0,3.0,9.0,17.0,6.8711,6.0,4.253597782984416,88.0,150.0,231.0,373.0,190.5055,175.0,73.48480639851441,3.0,6.0,14.0,27.0,10.9664,10.0,6.397277823915077,1.0,1.0,3.0,6.0,2.3514264990328817,2.0,1.3740343513389108,12.0,18.0,35.0,64.0,28.0505,24.0,14.221447700830979,7.0,resident,0.0,0.0,6.0,11.0,3.5374,3.0,3.43315888038841,1.0,2.0,9.0,18.0,5.9635,4.0,4.999146616842687,0.0,0.0,0.0,4.0,0.523,0.0,1.2612018327794725,0.0,0.0,5.0,10.0,2.8777,2.0,3.145748286692424,3.0,same_day_antigen,0.0,1.0,14.0,28.0,8.5009,6.0,8.130597139877558,0.0,0.0,1.0,4.0,0.6051,0.0,1.1209280253271376
52.0,104.0,372.0,602.0,258.5211,249.0,161.53307044712182,1.0,2.0,8.0,15.0,5.6733,5.0,3.9799687341878087,70.0,132.0,202.0,341.0,169.7095,159.0,68.38986348204469,3.0,6.0,14.0,26.0,10.9519,10.0,6.274816628585431,1.0,1.0,3.0,6.0,2.3464986673128183,2.0,1.3789459890257152,12.0,18.0,35.0,64.0,28.1588,25.0,14.157196939455151,,resident,0.0,0.0,6.0,11.0,3.5766,3.0,3.426675743437809,1.0,2.0,9.0,18.0,6.0004,5.0,4.964742159112661,0.0,0.0,0.0,4.0,0.4732,0.0,1.139039727643472,0.0,0.0,5.0,10.0,2.9682,2.0,3.209177253107748,3.0,same_day_antigen,0.0,1.0,14.0,27.0,8.577,7.0,8.070699140623558,0.0,0.0,1.0,3.0,0.4553,0.0,0.7950252301101212
52.0,154.0,418.25,646.0,298.3037,292.0,170.47882968112768,4.0,9.0,18.0,31.0,14.0364,13.0,7.2604232944533935,89.0,131.0,189.0,277.0,163.8077,158.0,47.55837361180532,2.0,5.0,11.0,19.0,8.3387,8.0,4.760488266433757,1.0,1.0,4.0,7.0,2.8599359707294765,2.0,1.8039858532526492,12.0,20.0,39.0,66.0,30.5879,28.0,14.47904133061942,2.0,resident,0.0,1.0,8.0,14.0,4.9131,4.0,4.199489488163547,1.0,2.0,12.0,22.0,7.6948,6.0,6.196086838417528,0.0,0.0,2.0,9.0,1.6245,0.0,2.490285104559355,0.0,0.0,7.0,12.0,3.9599,3.0,3.785885006511457,7.0,same_day_antigen,0.0,3.0,18.0,35.0,11.6079,9.0,10.078408357548437,0.0,0.0,3.0,6.0,1.6731,1.0,1.8271754833689902
52.0,153.0,380.0,617.0,280.7376,287.0,156.76705628809177,3.0,7.0,15.0,26.0,11.4121,11.0,6.066329501878589,71.0,104.0,157.0,237.0,133.6794,124.0,43.17527795049628,2.0,4.75,10.0,18.0,7.7549,7.0,4.229327926688962,1.0,1.0,4.0,7.0,2.8460921384368554,2.0,1.7907211251535344,12.0,19.0,35.0,62.0,28.9332,26.0,13.079435955900102,3.0,resident,0.0,1.0,7.0,13.0,4.4853,4.0,3.6702766929892783,1.0,2.0,10.0,19.0,6.9881,6.0,5.251296601945102,0.0,0.0,1.0,6.0,0.9716,0.0,1.7201422409012843,0.0,0.0,7.0,13.0,4.4198,4.0,3.910894714735616,7.0,same_day_antigen,0.0,3.0,16.0,30.0,10.4734,10.0,8.564030984452957,0.0,0.0,1.0,4.0,0.7707,0.0,1.3195816153478177
52.0,192.0,373.0,597.0,283.1991,288.0,148.36976315223998,2.0,5.0,10.0,18.0,7.7939,7.0,4.154653885089647,52.0,53.0,105.0,163.0,82.3342,87.0,34.893028855435716,2.0,5.0,10.0,18.0,7.9393,8.0,4.145423255036372,1.0,1.0,4.0,7.0,2.833371324367449,2.0,1.7830077060066658,12.0,22.0,35.0,61.024999999999636,29.0947,26.0,12.806027149086257,7.0,resident,0.0,2.0,7.0,12.0,4.5624,4.0,3.5775391148961413,1.0,3.0,10.0,19.0,7.2121,6.0,5.192688127646325,0.0,0.0,2.0,6.0,1.0928,0.0,1.7017278712458046,0.0,2.0,8.0,13.0,5.1119,5.0,4.005568979344236,7.0,same_day_antigen,0.0,4.0,16.0,30.0,10.7745,10.0,8.401327751064,0.0,0.0,1.0,5.0,0.8587,0.0,1.3839529770134025
52.0,197.0,368.0,593.0,281.8761,287.0,145.8851027182334,1.0,4.0,8.0,15.0,6.2472,6.0,3.66112449163564,34.0,35.0,70.0,105.0,55.8076,35.0,24.355724221838226,2.0,5.0,10.0,17.0,7.885,8.0,4.05203861058729,1.0,1.0,4.0,7.0,2.830337721808815,2.0,1.7553138435129996,12.0,23.0,35.0,60.0,28.9416,26.0,12.62426737092752,,resident,0.0,2.0,7.0,12.0,4.5766,4.0,3.5907411187912475,1.0,3.0,10.0,19.0,7.2673,7.0,5.16812554628525,0.0,0.0,2.0,6.0,1.0285,0.0,1.6374235449591403,0.0,2.0,8.0,14.0,5.21,5.0,4.035285411570697,7.0,same_day_antigen,0.0,4.0,16.0,30.0,10.8439,10.0,8.39574783138255,0.0,0.0,1.0,3.0,0.5854,0.0,0.9684010636415092
53.0,206.0,414.0,633.0,310.5766,290.0,155.91652294947085,4.0,11.0,19.0,32.0,15.0042,13.0,6.969680050332325,54.0,98.0,138.0,204.0,120.3248,116.0,34.41825339230127,1.0,5.0,10.0,17.0,7.1972,6.0,4.2307094027130985,1.0,2.0,5.0,8.0,3.3968702455987834,3.0,2.082334959903864,12.0,24.0,39.0,67.0,32.135999999999996,29.0,13.953464584732773,2.0,resident,0.0,3.0,9.0,15.0,5.8036,5.0,4.144483648715657,1.0,4.0,13.0,23.0,8.8884,8.0,6.168982985477227,0.0,0.0,3.0,9.0,1.8556,1.0,2.554016628781812,0.0,1.0,8.0,14.0,4.9276,5.0,4.093755503619182,,same_day_antigen,0.0,6.0,20.0,36.0,13.692,12.0,9.94648828798015,0.0,0.0,2.0,6.0,1.3512,1.0,1.5575304652285331
53.0,204.0,366.0,584.0,286.6355,282.0,137.49493636313505,3.0,9.0,14.0,25.0,11.7495,11.0,5.480743891604545,36.0,68.0,100.0,149.0,84.7599,83.0,27.649631140400768,1.0,4.0,8.0,15.0,6.4544,6.0,3.5251330891655184,1.0,2.0,5.0,8.0,3.407139728427508,3.0,2.1058989718532204,12.0,23.0,35.0,61.0,29.868000000000002,28.0,12.084352657793293,3.0,resident,0.0,2.0,8.0,13.0,5.2558,5.0,3.6086380515173153,1.0,4.0,11.0,20.0,8.0028,8.0,5.1811462619442405,0.0,0.0,2.0,6.0,1.1318,0.0,1.6911873850869241,0.0,2.0,8.0,14.0,5.5282,6.0,4.185254639282963,,same_day_antigen,0.0,6.0,18.0,30.0,12.2586,12.0,8.372976574293718,0.0,0.0,1.0,3.0,0.3906,0.0,0.7873332390817349
53.0,233.0,362.0,583.0249999999996,290.6526,285.0,131.16541140771443,2.0,6.0,10.0,17.0,8.1518,8.0,3.7328474620613017,18.0,18.0,36.0,54.0,28.4374,28.0,11.734165939896645,1.0,5.0,8.0,15.0,6.5222,6.0,3.357176525508056,1.0,2.0,5.0,8.0,3.3697332607512247,3.0,2.062143904601455,12.0,24.0,35.0,61.0,30.0002,27.0,11.87084207835168,7.0,resident,0.0,3.0,8.0,13.0,5.3545,5.0,3.5638602469774256,1.0,5.0,11.0,20.0,8.3102,8.0,5.205313197930443,0.0,0.0,2.0,6.0,1.2303,1.0,1.7152131370796349,0.0,3.0,9.0,15.0,6.2611,6.0,4.192956579609174,,same_day_antigen,0.0,7.0,18.0,31.0,12.6647,12.0,8.351601573044746,0.0,0.0,0.0,2.0,0.2948,0.0,0.6780405105105367
53.0,230.0,347.0,573.0,283.7398,281.0,128.7404035457032,1.0,5.0,8.0,14.0,6.3579,6.0,3.275100031758084,0.0,0.0,0.0,0.0,0.0,0.0,0.0,1.0,5.0,8.0,14.0,6.3579,6.0,3.275100031758084,1.0,2.0,5.0,8.0,3.3916045594037705,3.0,2.0784197518380845,12.0,24.0,34.0,60.0,29.6339,27.0,11.793098766136525,,resident,0.0,3.0,8.0,13.0,5.3419,5.0,3.571285454563916,1.0,5.0,11.0,20.0,8.3538,8.0,5.2213553618942194,0.0,0.0,2.0,5.0,1.1527,0.0,1.6001371047117767,0.0,3.0,9.0,15.0,6.4302,6.0,4.322082368442318,,same_day_antigen,0.0,7.0,18.0,31.024999999999643,12.6957,12.0,8.384493513811572,0.0,0.0,0.0,0.0,0.0,0.0,0.0
52.0,52.0,52.0,103.0,60.7031,52.0,19.098157616703123,4.0,4.0,5.0,7.0,5.0155,5.0,1.0081475021734734,158.0,158.0,210.0,262.0,190.1299,176.0,30.59766082031055,4.0,4.0,5.0,7.0,4.6776,4.0,0.8850630337198394,1.0,1.0,2.0,3.0,1.4005813953488373,1.0,0.6618497087715312,12.0,12.0,12.0,17.0,12.86,12.0,1.8869965754096003,2.0,employee,1.0,1.0,1.0,2.0,1.0761,1.0,0.29413847375713104,0.0,0.0,0.0,2.0,0.1648,0.0,0.4656851364007944,0.0,0.0,0.0,0.0,0.0,0.0,0.0,0.0,0.0,1.0,1.0,0.3362,0.0,0.4724318778278185,2.0,same_day_LAMP,0.0,0.0,0.0,2.0,0.2409,0.0,0.5955691901584792,0.0,0.0,0.0,0.0,0.0,0.0,0.0
52.0,52.0,103.0,319.0,87.295,52.0,72.142244388032,3.0,4.0,5.0,10.0,4.7696,4.0,1.816437663278996,141.0,158.0,193.0,319.0,191.4987,191.0,44.992132951358855,4.0,4.0,6.0,14.0,5.7229,5.0,2.7830720685986376,1.0,1.0,2.0,4.0,1.6163132137030995,1.0,0.8292121562287194,12.0,12.0,17.0,32.0,14.958,12.0,5.539612326731271,3.0,employee,1.0,1.0,1.0,5.0,1.357,1.0,1.0595580523626973,0.0,0.0,1.0,5.024999999999637,0.69,0.0,1.6741506139018087,0.0,0.0,0.0,1.0,0.0829,0.0,0.4481603226162226,0.0,0.0,1.0,1.0,0.3104,0.0,0.5225697541140238,2.0,same_day_LAMP,0.0,0.0,1.0,9.0,1.047,0.0,2.5932341749924235,0.0,0.0,0.0,0.0,0.0,0.0,0.0
52.0,52.0,154.0,424.0,129.5981,102.0,108.35983094157247,2.0,2.0,5.0,11.0,3.8843,3.0,2.5989207277050395,123.0,141.0,225.0,348.02499999999964,190.5658,158.0,64.18679353890862,4.0,4.0,9.0,19.0,7.5671,6.0,4.226616142779214,1.0,1.0,3.0,5.0,1.9623300257258358,2.0,1.1122678637084005,12.0,12.0,22.0,42.0,18.682000000000002,17.0,8.541625836876356,7.0,employee,1.0,1.0,2.0,7.0,1.8867,1.0,1.7284564982048631,0.0,0.0,2.0,9.0,1.6661,1.0,2.568242663191643,0.0,0.0,0.0,3.0,0.2672,0.0,0.8678015141417965,0.0,0.0,1.0,4.0,0.6752,0.0,1.1626866061043284,2.0,same_day_LAMP,0.0,0.0,3.0,15.0,2.5528,1.0,4.0922227198282926,0.0,0.0,0.0,0.0,0.0,0.0,0.0
0.0,98.0,205.0,459.0,164.0779,148.0,117.02802650428976,0.0,2.0,4.0,11.0,3.3833,3.0,2.661257097488684,105.0,165.75,241.0,366.0,207.58700000000002,205.0,66.54349430758401,4.0,6.0,12.0,21.0,9.5199,9.0,4.596641915756564,1.0,1.0,3.0,5.0,2.1907011437095973,2.0,1.2569569895181891,12.0,17.0,27.0,46.0,22.655,21.0,9.116824373029507,,employee,1.0,1.0,3.0,8.0,2.4432,2.0,2.0899786030139413,0.0,1.0,4.0,11.0,2.7637,2.0,2.97434816131173,0.0,0.0,0.0,3.0,0.3354,0.0,0.8820343748765387,0.0,0.0,1.0,5.0,0.8988,0.0,1.4727441928406149,2.0,same_day_LAMP,0.0,1.0,6.0,18.0,4.2069,3.0,4.797936474093934,0.0,0.0,0.0,0.0,0.0,0.0,0.0
52.0,52.0,52.0,294.0,74.1398,52.0,63.5779841766566,4.0,4.0,5.0,13.0,5.492999999999999,5.0,2.5102551938226942,123.0,140.0,176.0,277.0,162.9446,158.0,39.91192086310427,3.0,3.0,4.0,10.0,4.1199,4.0,1.9275620715177904,1.0,1.0,2.0,3.0,1.405532666274279,1.0,0.6732250987090536,12.0,12.0,12.0,28.0,13.8079,12.0,4.879792908298752,2.0,employee,1.0,1.0,1.0,4.0,1.2618,1.0,0.9041805761303576,0.0,0.0,0.0,4.0,0.3778,0.0,1.3909926836847872,0.0,0.0,0.0,1.0,0.1174,0.0,0.7765806769130786,0.0,0.0,1.0,1.0,0.3805,0.0,0.5728460222926626,3.0,same_day_LAMP,0.0,0.0,0.0,7.0,0.6396,0.0,2.186593231260881,0.0,0.0,0.0,0.0,0.0,0.0,0.0
52.0,52.0,104.0,370.0,103.8035,52.0,94.61982444957232,3.0,4.0,6.0,19.0,6.2201,4.0,4.4370288158261095,105.0,123.0,209.0,462.0249999999997,190.7405,158.0,100.592128108385,3.0,3.0,6.0,19.0,5.8446,4.0,4.609574346679502,1.0,1.0,2.0,4.0,1.6113989637305701,1.0,0.8532942237144158,12.0,12.0,18.0,49.0,17.9179,12.0,11.228426752966538,3.0,employee,1.0,1.0,2.0,10.0,1.9916,1.0,2.3176856142843585,0.0,0.0,1.0,14.0,1.5924,0.0,3.7312805423136632,0.0,0.0,0.0,0.0,0.0,0.0,0.0,0.0,0.0,1.0,1.0,0.2583,0.0,0.4669078177660224,3.0,same_day_LAMP,0.0,0.0,1.0,22.0,2.5839999999999996,0.0,5.911212924927031,0.0,0.0,0.0,0.0,0.0,0.0,0.0
52.0,52.0,282.0,530.0,169.5547,103.0,149.75465219316342,2.0,2.0,7.0,14.0,4.8973,3.0,3.6800688853199572,88.0,88.0,206.0,341.0,161.4067,141.0,73.9197301656383,3.0,3.0,11.0,23.0,7.7947,5.5,5.7396730128666285,1.0,1.0,2.0,5.0,1.9434442625931987,2.0,1.119083704915743,12.0,12.0,29.0,55.0,22.025,18.0,12.775824715834082,7.0,employee,1.0,1.0,4.0,10.0,2.7976,1.0,2.7408001456771443,0.0,0.0,5.0,15.0,2.989,1.0,4.404022995155018,0.0,0.0,0.0,2.0,0.1831,0.0,0.6463870138060956,0.0,0.0,2.0,8.0,1.6022,0.0,2.4453533763678266,3.0,same_day_LAMP,0.0,0.0,8.0,23.0,4.7866,1.0,6.936502861470954,0.0,0.0,0.0,0.0,0.0,0.0,0.0
0.0,101.0,336.0,568.0,227.4791,203.0,156.8770327470862,0.0,2.0,7.0,14.0,4.9561,4.0,3.798633405788871,70.0,136.0,216.25,352.02499999999964,174.7921,169.0,75.11049218447194,3.0,6.0,14.0,25.0,10.2915,9.0,6.162460981015153,1.0,1.0,3.0,5.0,2.1804022565611967,2.0,1.266017371663951,12.0,18.0,35.0,62.0,27.8381,25.0,13.690012053793206,,employee,1.0,1.0,6.0,11.0,3.8715,3.0,3.0759931604918007,0.0,1.0,8.0,17.0,4.8732,3.0,4.934749936490558,0.0,0.0,0.0,2.0,0.2937,0.0,0.7207581142282914,0.0,0.0,4.0,10.0,2.4183,1.0,2.9333914823219307,3.0,same_day_LAMP,0.0,1.0,12.0,26.0,7.7447,5.0,7.7238518692922815,0.0,0.0,0.0,0.0,0.0,0.0,0.0
52.0,52.0,52.0,419.0,85.5513,52.0,96.05303007593606,4.0,4.0,5.0,19.0,5.9408,5.0,3.862769402740199,53.0,88.0,106.0,199.0,100.1269,105.0,34.876855303963254,1.0,2.0,2.0,11.0,2.5482,2.0,2.4821548842259884,1.0,1.0,2.0,3.0,1.3942307692307692,1.0,0.6457151500094007,12.0,12.0,12.0,39.0,14.640999999999998,12.0,7.531519858510494,2.0,employee,1.0,1.0,1.0,7.0,1.51,1.0,1.6322887111793871,0.0,0.0,0.0,9.0,0.7196,0.0,2.5252353397955085,0.0,0.0,0.0,3.0,0.1854,0.0,0.9502195176448288,0.0,0.0,1.0,5.0,0.6637,0.0,1.2983723992324812,7.0,same_day_LAMP,0.0,0.0,0.0,15.0,1.2296,0.0,4.059769945846848,0.0,0.0,0.0,0.0,0.0,0.0,0.0
52.0,52.0,154.0,500.0,128.194,52.0,136.0366206586154,3.0,4.0,8.0,20.0,6.4949,4.0,4.801383063027964,53.0,88.0,103.0,199.0,96.1188,88.0,37.632636209689174,1.0,2.0,5.0,13.0,3.6408,2.0,3.436008727520574,1.0,1.0,2.0,4.0,1.5956899324541651,1.0,0.8460640656496897,12.0,12.0,23.0,48.024999999999636,18.0083,12.0,10.917790569757807,3.0,employee,1.0,1.0,2.0,10.0,2.2548,1.0,2.4953756530761053,0.0,0.0,2.0,13.0,1.8866,0.0,3.8053894069929135,0.0,0.0,0.0,2.0,0.1504,0.0,0.6229114237708171,0.0,0.0,1.0,9.0,1.5215,0.0,2.6510451814436147,7.0,same_day_LAMP,0.0,0.0,3.0,21.0,3.1414,0.0,6.138189780169536,0.0,0.0,0.0,0.0,0.0,0.0,0.0
52.0,52.0,291.0,508.0,175.2343,103.0,145.79850384651547,2.0,2.0,8.0,14.0,5.2166,4.0,3.7756999392169783,18.0,53.0,91.25,154.0,68.3741,53.0,33.647822615834734,1.0,2.0,8.0,14.0,4.9932,3.0,3.798525587601585,1.0,1.0,3.0,5.0,1.9517898902680335,2.0,1.1320735155063673,12.0,12.0,29.0,52.0,22.0434,18.0,11.997562693774896,7.0,employee,1.0,1.0,5.0,11.0,3.0966,2.0,2.864662121246918,0.0,0.0,6.0,15.0,3.2418,1.0,4.397825240580243,0.0,0.0,0.0,3.0,0.3187,0.0,0.9212031108920291,0.0,0.0,5.0,11.0,2.7243,1.0,3.456571176531715,7.0,same_day_LAMP,0.0,0.0,9.0,23.0,5.3384,2.0,7.030208234667184,0.0,0.0,0.0,0.0,0.0,0.0,0.0
0.0,103.0,341.0,569.0249999999996,243.4724,249.0,153.6545352726726,0.0,2.0,7.0,14.0,5.3245,5.0,3.7187609049610635,35.0,35.0,70.0,125.0,57.571000000000005,60.0,26.535571835882227,2.0,4.0,9.0,17.0,7.0025,7.0,4.0833272102674565,1.0,1.0,3.0,5.0,2.2116533864541834,2.0,1.2690677052943549,12.0,19.0,34.0,60.0,27.8178,26.0,12.89542680035199,,employee,1.0,1.0,6.0,12.0,4.391,4.0,3.199147144825543,0.0,1.0,8.0,17.0,5.4443,5.0,4.879659682586665,0.0,0.0,1.0,4.0,0.6441,0.0,1.2273491062378536,0.0,0.0,7.0,13.0,4.2245,4.0,3.8882916082983168,7.0,same_day_LAMP,0.0,2.0,14.0,27.0,8.8353,8.0,7.751992211575347,0.0,0.0,0.0,0.0,0.0,0.0,0.0
52.0,52.0,52.0,434.0,87.1966,52.0,99.69862952976341,4.0,4.0,5.0,20.0,6.0651,5.0,4.224955267775207,53.0,53.0,71.0,158.0,73.1314,70.0,26.85298944892793,1.0,1.0,1.0,10.0,1.7917,1.0,2.3618782688563122,1.0,1.0,2.0,3.0,1.3885918003565063,1.0,0.6569218759562632,12.0,12.0,12.0,42.0,14.8366,12.0,8.119944198661647,2.0,employee,1.0,1.0,1.0,8.0,1.599,1.0,1.8586404855284533,0.0,0.0,0.0,11.0,0.8190000000000001,0.0,2.8580160646124018,0.0,0.0,0.0,3.0,0.2044,0.0,0.9923301425993224,0.0,0.0,1.0,6.0,0.7116,0.0,1.5198869844973883,,same_day_LAMP,0.0,0.0,0.0,18.0,1.4180000000000001,0.0,4.619936187983346,0.0,0.0,0.0,0.0,0.0,0.0,0.0
52.0,52.0,204.0,527.0249999999996,139.1813,52.0,149.56665152578253,3.0,4.0,9.0,22.0,6.8397,4.0,5.33102672049104,35.0,53.0,69.0,133.0,64.1615,53.0,24.31323366159073,1.0,1.0,4.0,13.0,2.9833,1.0,3.5484475842297294,1.0,1.0,2.0,4.0,1.641898220418358,1.0,0.8857708646234761,12.0,12.0,24.0,52.0,18.6224,12.0,11.94203832969677,3.0,employee,1.0,1.0,3.0,11.0,2.4919,1.0,2.8514114828878125,0.0,0.0,2.0,15.0,2.2315,0.0,4.37730782929225,0.0,0.0,0.0,3.0,0.2965,0.0,0.972667650452005,0.0,0.0,1.0,10.0,1.7565,0.0,2.9985841493428307,,same_day_LAMP,0.0,0.0,5.0,24.0,3.7234,0.0,7.068131881114619,0.0,0.0,0.0,0.0,0.0,0.0,0.0
52.0,52.0,330.0,570.0249999999996,196.74400000000003,104.0,167.9490177144693,2.0,2.0,9.0,17.0,5.7763,4.0,4.516048912465184,17.0,18.0,35.0,53.0,25.6669,18.0,11.59841354279416,1.0,1.0,7.0,14.0,4.3008,2.0,4.037071854068923,1.0,1.0,2.0,5.0,1.925242186072016,2.0,1.1135220120486626,12.0,12.0,31.0,59.0,23.145,18.0,13.839079702520008,7.0,employee,1.0,1.0,5.25,12.0,3.5193,2.0,3.355436395663094,0.0,0.0,7.0,17.0,3.8766,1.0,5.2251031195815685,0.0,0.0,1.0,5.0,0.64,0.0,1.4061997510218731,0.0,0.0,6.0,12.0,3.1461,1.0,3.8729129522200143,,same_day_LAMP,0.0,0.0,11.0,27.0,6.3959,1.0,8.353055760861075,0.0,0.0,0.0,0.0,0.0,0.0,0.0
0.0,149.0,344.0,573.0,259.5935,278.0,150.45551616336442,0.0,3.0,8.0,14.0,5.7468,6.0,3.668028789897968,0.0,0.0,0.0,0.0,0.0,0.0,0.0,0.0,3.0,8.0,14.0,5.7468,6.0,3.668028789897968,1.0,1.0,3.0,5.0,2.1786560279266918,2.0,1.2507845872843817,12.0,22.0,35.0,62.0,28.7765,28.0,13.171579130828615,,employee,1.0,2.0,8.0,13.0,5.2338,5.0,3.5838836451813303,0.0,1.0,10.0,19.0,6.6285,6.0,5.635766490584367,0.0,0.0,2.0,5.0,0.9554,0.0,1.4777784755917551,0.0,0.0,9.0,14.0,5.3647,5.0,4.45796828814717,,same_day_LAMP,0.0,2.0,17.0,30.0,10.8623,10.0,8.876250193169927,0.0,0.0,0.0,0.0,0.0,0.0,0.0
52.0,52.0,52.0,103.0,62.732,52.0,20.63960211141513,4.0,4.0,5.0,7.0,4.7554,4.0,0.9464990364720948,158.0,158.0,211.0,262.0,197.3948,193.0,34.1784164257933,4.0,4.0,5.0,7.0,5.0848,5.0,1.088819320526264,1.0,1.0,2.0,4.0,1.5913574448097698,1.0,0.8135601750069738,12.0,12.0,12.0,17.0,13.0645,12.0,2.0468900131351924,2.0,resident,0.0,0.0,0.0,2.0,0.159,0.0,0.4562234255070624,1.0,1.0,1.0,3.0,1.1798,1.0,0.4914225367348969,0.0,0.0,0.0,0.0,0.0,0.0,0.0,0.0,0.0,1.0,1.0,0.335,0.0,0.4720140672988177,2.0,same_day_LAMP,0.0,0.0,0.0,3.0,0.3388,0.0,0.7518451217562769,0.0,0.0,0.0,0.0,0.0,0.0,0.0
52.0,52.0,52.0,203.0,72.3952,52.0,48.46845712516141,3.0,3.0,4.0,8.0,4.0001,4.0,1.3948098578135824,140.0,158.0,193.0,287.0,184.6399,174.0,39.48242538372507,4.0,4.0,5.0,11.0,5.4254,5.0,1.9502346478098864,1.0,1.0,2.0,4.0,1.618292113859076,1.0,0.8175716557558667,12.0,12.0,12.0,23.0,13.6549,12.0,3.655371686192311,3.0,resident,0.0,0.0,0.0,2.0,0.222,0.0,0.7001178590077889,1.0,1.0,1.0,4.0,1.3194,1.0,0.8600334910691422,0.0,0.0,0.0,1.0,0.0575,0.0,0.3854978740033285,0.0,0.0,1.0,1.0,0.3793,0.0,0.5196715461246509,2.0,same_day_LAMP,0.0,0.0,0.0,5.0,0.5414,0.0,1.4227046245953108,0.0,0.0,0.0,0.0,0.0,0.0,0.0
52.0,52.0,52.0,327.02499999999964,80.4101,52.0,73.13087672456177,1.0,2.0,2.0,8.0,2.3845,2.0,1.8112945174054047,104.0,122.0,157.0,302.0,156.2167,156.0,49.0988453099569,4.0,4.0,5.0,15.0,5.7331,5.0,2.9451879062600264,1.0,1.0,2.0,4.0,1.6057330827067668,1.0,0.8347782648564331,12.0,12.0,12.0,33.0,14.3106,12.0,5.778517696319418,7.0,resident,0.0,0.0,0.0,4.0,0.3422,0.0,1.1519686901935828,1.0,1.0,1.0,6.0,1.5023,1.0,1.4186599203462964,0.0,0.0,0.0,2.0,0.1101,0.0,0.5872073494491744,0.0,0.0,1.0,2.0,0.4724,0.0,0.7666139900242952,2.0,same_day_LAMP,0.0,0.0,0.0,8.0,0.8445,0.0,2.472110613036623,0.0,0.0,0.0,0.0,0.0,0.0,0.0
52.0,52.0,52.0,299.0,80.3625,52.0,72.80176442532381,1.0,1.0,1.0,6.0,1.5908,1.0,1.5835422699164243,104.0,104.0,139.0,294.0,143.9139,138.0,49.70939135765912,4.0,4.0,5.0,15.0,5.7899,5.0,3.0582500354496736,1.0,1.0,2.0,4.0,1.596774193548387,1.0,0.8028813427908169,12.0,12.0,12.0,33.0,14.37,12.0,5.967198735258832,,resident,0.0,0.0,0.0,4.0,0.3466,0.0,1.1804269485140018,1.0,1.0,1.0,6.0,1.5259,1.0,1.4723946429536003,0.0,0.0,0.0,1.0,0.0883,0.0,0.4729962817488683,0.0,0.0,1.0,2.0,0.4677,0.0,0.7581650159557232,2.0,same_day_LAMP,0.0,0.0,0.0,8.0,0.8725,0.0,2.5620890265597724,0.0,0.0,0.0,0.0,0.0,0.0,0.0
52.0,52.0,150.0,447.0,115.4205,52.0,110.66810752313549,4.0,4.0,7.0,20.0,6.789,5.0,4.3323614733299385,142.0,158.0,201.25,297.0,186.65400000000002,176.0,41.986397437229314,3.0,4.0,6.0,15.0,5.6316,4.0,3.0285307724809383,1.0,1.0,3.0,5.0,1.975328083989501,2.0,1.1105452717955886,12.0,12.0,18.0,42.0,17.007,12.0,8.362855058798608,2.0,resident,0.0,0.0,1.0,9.0,1.0739,0.0,2.2368145036887594,1.0,1.0,2.0,13.0,2.2873,1.0,3.0860510496600853,0.0,0.0,0.0,5.0,0.4117,0.0,1.4280080639488948,0.0,0.0,1.0,2.0,0.4322,0.0,0.7559499361932661,3.0,same_day_LAMP,0.0,0.0,2.0,20.0,2.3612,0.0,5.163758418061403,0.0,0.0,0.0,0.0,0.0,0.0,0.0
52.0,52.0,153.0,382.0,116.3496,52.0,102.06414791134488,3.0,3.0,8.0,20.0,6.4725,4.0,5.0382320439031805,106.0,140.0,258.0,477.0,210.578,158.0,103.1071094716672,3.0,4.0,8.0,20.0,6.8486,4.0,4.84510325406531,1.0,1.0,3.0,5.0,1.9542722759341518,2.0,1.1077587947668448,12.0,12.0,23.0,53.0,19.4419,12.0,12.298794673667928,3.0,resident,0.0,0.0,1.0,10.0,1.4625,0.0,2.865626446606945,1.0,1.0,3.0,16.0,2.9894,1.0,4.078425063072695,0.0,0.0,0.0,0.0,0.0,0.0,0.0,0.0,0.0,1.0,1.0,0.2579,0.0,0.4770852660008518,3.0,same_day_LAMP,0.0,0.0,3.0,25.0,3.4519,0.0,6.793975434178432,0.0,0.0,0.0,0.0,0.0,0.0,0.0
52.0,52.0,204.0,519.0,142.994,52.0,145.49020002677287,1.0,2.0,6.0,14.0,3.9442,2.0,3.630758130261509,88.0,122.0,177.0,319.02499999999964,150.5364,122.0,60.72834320320965,3.0,4.0,9.0,22.0,7.1045,4.0,5.3245858873237415,1.0,1.0,2.0,5.0,1.9401307189542485,2.0,1.0895195304242458,12.0,12.0,24.0,52.024999999999636,19.3989,12.0,12.183079312396893,7.0,resident,0.0,0.0,2.0,9.024999999999636,1.535,0.0,2.7977415419894625,1.0,1.0,4.0,15.0,3.1687,1.0,4.022792387864378,0.0,0.0,0.0,2.0,0.1192,0.0,0.476669782352669,0.0,0.0,1.0,8.0,1.3261,0.0,2.275978206767316,3.0,same_day_LAMP,0.0,0.0,5.0,23.0,3.7037,0.0,6.650814209024659,0.0,0.0,0.0,0.0,0.0,0.0,0.0
52.0,52.0,242.0,530.0,145.4942,52.0,148.4808614703669,1.0,1.0,5.0,12.024999999999634,3.1065,1.0,3.4981683018612486,70.0,104.0,152.0,298.0,134.6588,104.0,57.49569338685989,3.0,4.0,9.0,22.0,7.1723,4.0,5.43418492016739,1.0,1.0,3.0,5.0,2.00026518164943,2.0,1.1294231920038509,12.0,12.0,24.0,54.0,19.4925,12.0,12.443802817983627,,resident,0.0,0.0,2.0,10.0,1.5649,0.0,2.827187169030178,1.0,1.0,4.0,16.0,3.2515,1.0,4.117589489533946,0.0,0.0,0.0,2.0,0.1326,0.0,0.5026355580840108,0.0,0.0,1.0,8.0,1.3898,0.0,2.345891361642321,3.0,same_day_LAMP,0.0,0.0,5.0,23.0,3.8164,0.0,6.781466645865547,0.0,0.0,0.0,0.0,0.0,0.0,0.0
52.0,52.0,289.0,567.0,186.5973,104.0,155.56012737212836,4.0,5.0,13.0,26.0,9.677999999999999,8.0,6.215173274968589,89.0,106.0,170.0,245.0249999999996,139.1227,125.0,45.4409235432473,2.0,2.0,7.0,16.0,5.369,4.0,4.010068211976757,1.0,1.0,3.0,7.0,2.674187023494632,2.0,1.6415354389861705,12.0,12.0,29.0,54.0,22.4295,18.0,11.96742878337567,2.0,resident,0.0,0.0,4.0,11.0,2.484,1.0,3.1856802814917864,1.0,1.0,5.0,17.0,3.9881,2.0,4.457055633991172,0.0,0.0,1.0,7.0,0.8025,0.0,1.87985295560942,0.0,0.0,3.0,8.0,1.6535,1.0,2.3883902928162897,7.0,same_day_LAMP,0.0,0.0,8.0,26.0,5.4721,2.0,7.390283026943003,0.0,0.0,0.0,0.0,0.0,0.0,0.0
52.0,52.0,323.0,547.0,200.3308,153.0,155.89957805973663,3.0,4.0,12.0,23.0,8.6299,7.0,5.785972151451624,71.0,89.0,140.0,225.0,117.1834,106.0,43.66081986357008,2.0,2.0,8.0,15.0,5.6923,5.0,3.946261269581727,1.0,1.0,3.0,7.0,2.639120188531029,2.0,1.625054225902565,12.0,12.0,30.0,55.0,23.3286,20.0,12.526999425698927,3.0,resident,0.0,0.0,5.0,11.0,2.7745,2.0,3.2714094763566672,1.0,1.0,7.0,16.0,4.629,3.0,4.514354542976656,0.0,0.0,0.0,3.0,0.3509,0.0,0.9170895786833109,0.0,0.0,5.0,11.0,2.9035,1.0,3.3709529932065565,7.0,same_day_LAMP,0.0,0.0,11.0,25.0,6.4035,3.0,7.512092311938819,0.0,0.0,0.0,0.0,0.0,0.0,0.0
52.0,52.0,299.0,509.0,195.1633,155.0,145.21371056234165,1.0,2.0,8.0,14.0,5.4462,5.0,3.79290708750128,35.0,53.0,95.0,154.0,72.2543,53.0,32.92104814630155,2.0,2.0,8.0,14.0,5.6696,5.0,3.74484154856015,1.0,1.0,3.0,7.0,2.602336448598131,2.0,1.6225819644587047,12.0,12.0,30.0,52.0,23.1195,23.0,11.72563724523664,7.0,resident,0.0,0.0,5.0,10.0,2.6732,2.0,3.080024417929427,1.0,1.0,7.0,15.0,4.5769,3.0,4.284988039919158,0.0,0.0,0.0,3.0,0.345,0.0,0.9186181937772592,0.0,0.0,6.0,12.0,3.2367,2.0,3.5248426293320043,7.0,same_day_LAMP,0.0,0.0,11.0,24.0,6.2501,4.0,7.0855607051983345,0.0,0.0,0.0,0.0,0.0,0.0,0.0
52.0,52.0,320.0,549.0,206.2505,196.0,155.4212917445443,1.0,1.0,7.0,13.0,4.4831,4.0,3.7345828550067135,34.0,35.0,69.0,103.0,50.8122,35.0,22.99750898906162,2.0,2.0,8.0,16.0,5.9661,6.0,4.1183548747876815,1.0,1.0,3.0,7.0,2.625506072874494,2.0,1.5952517783400266,12.0,12.0,30.0,56.0,23.6536,23.0,12.618784823153193,,resident,0.0,0.0,5.0,11.0,2.842,2.0,3.307133156220248,1.0,1.0,8.0,16.0,4.8964,3.0,4.612287324033049,0.0,0.0,0.0,4.0,0.461,0.0,1.0762875263998688,0.0,0.0,6.0,12.0,3.4245,2.0,3.7137149753167367,7.0,same_day_LAMP,0.0,0.0,11.0,25.0,6.7384,4.0,7.6514456086409055,0.0,0.0,0.0,0.0,0.0,0.0,0.0
53.0,152.0,376.0,594.0,271.4124,252.0,152.50191083891687,4.0,9.0,17.0,29.0,13.5154,12.0,6.568658734304651,54.0,95.0,138.0,197.0,117.6845,115.0,34.391124359251016,1.0,3.0,9.0,15.0,6.0997,6.0,3.958121597760517,1.0,2.0,5.0,8.0,3.3720599496772783,3.0,2.051834427973956,12.0,21.0,36.0,61.0,29.4152,27.0,12.535961231289734,2.0,resident,0.0,2.0,7.0,13.0,4.6524,4.0,3.6313486350515753,1.0,2.0,10.0,20.0,6.7195,5.0,5.498949317311393,0.0,0.0,2.0,9.0,1.6586,1.0,2.4961708929704094,0.0,0.0,5.0,11.0,3.1445,2.0,3.3879739648879648,,same_day_LAMP,0.0,3.0,16.0,31.0,10.3719,8.0,8.767581048256341,0.0,0.0,0.0,0.0,0.0,0.0,0.0
53.0,195.0,373.0,605.0,284.6979,284.0,144.3847073964656,3.0,9.0,14.0,26.0,11.8116,11.0,5.757362257320291,36.0,69.0,102.0,156.0,87.1016,84.0,29.10947291830201,1.0,4.0,8.0,15.0,6.3759,6.0,3.704695894019739,1.0,2.0,5.0,8.0,3.3226617132867133,3.0,2.027140187617521,12.0,23.0,35.0,63.0,29.8436,28.0,12.511338553457813,3.0,resident,0.0,2.0,7.0,13.0,4.9175,5.0,3.4794689854117173,1.0,3.0,10.0,19.0,7.3555,7.0,5.0559940721489935,0.0,0.0,2.0,5.0,1.0023,0.0,1.5857320595284885,0.0,1.0,8.0,13.0,4.9198,5.0,3.973983796484514,,same_day_LAMP,0.0,5.0,16.0,30.0,11.273,10.0,8.121272468440562,0.0,0.0,0.0,0.0,0.0,0.0,0.0
53.0,214.0,365.0,585.0249999999996,288.0992,285.0,136.07336093194556,2.0,6.0,10.0,17.0,8.1097,8.0,3.8505776975488346,18.0,18.0,36.0,54.0,28.8688,31.0,12.058786339959724,1.0,5.0,8.0,15.0,6.4513,6.0,3.4735046902924065,1.0,2.0,5.0,8.0,3.3837412587412588,3.0,2.06522165837708,12.0,24.0,35.0,61.0,29.8482,27.0,11.994746523141515,7.0,resident,0.0,3.0,7.0,13.0,5.1018,5.0,3.475463227321568,1.0,4.0,11.0,19.0,7.8595,7.0,5.033636210469519,0.0,0.0,2.0,6.0,1.1548,0.0,1.6711421937175672,0.0,3.0,9.0,14.0,5.9521,6.0,4.1184100961623535,,same_day_LAMP,0.0,6.0,17.0,30.0,11.9613,11.0,8.075067986233815,0.0,0.0,0.0,0.0,0.0,0.0,0.0
53.0,233.0,347.0,563.0249999999996,285.8248,282.0,127.78539202742056,1.0,5.0,8.0,14.0,6.4114,6.0,3.254198675696076,0.0,0.0,0.0,0.0,0.0,0.0,0.0,1.0,5.0,8.0,14.0,6.4114,6.0,3.254198675696076,1.0,2.0,5.0,8.0,3.4055057898186587,3.0,2.0759837587015904,12.0,24.0,34.0,61.0,29.8305,27.0,11.769903262656035,,resident,0.0,3.0,8.0,13.0,5.4424,5.0,3.5944365674502787,1.0,5.0,12.0,21.0,8.3948,8.0,5.230264670822375,0.0,0.0,2.0,6.0,1.1882,1.0,1.6573036612348848,0.0,3.0,9.0,15.0,6.4852,6.0,4.2951397861511165,,same_day_LAMP,0.0,7.0,18.0,32.0,12.8372,12.0,8.396222115605415,0.0,0.0,0.0,0.0,0.0,0.0,0.0
52.0,52.0,52.0,103.0,60.6812,52.0,19.076974593891077,4.0,4.0,5.0,7.0,5.0081,5.0,1.0107109100303435,158.0,158.0,210.0,262.0,189.8294,176.0,30.719786232436853,4.0,4.0,5.0,7.0,4.672,4.0,0.8881975509361355,1.0,1.0,2.0,3.0,1.4102564102564104,1.0,0.6749060995822643,12.0,12.0,12.0,17.0,12.857999999999999,12.0,1.8852563271719616,2.0,employee,1.0,1.0,1.0,2.0,1.0804,1.0,0.3078072684837919,0.0,0.0,0.0,2.0,0.1616,0.0,0.4640118217212463,0.0,0.0,0.0,0.0,0.0,0.0,0.0,0.0,0.0,1.0,1.0,0.32799999999999996,0.0,0.4695083000377954,2.0,same_day_PCR,0.0,0.0,0.0,2.0,0.242,0.0,0.6007262997478311,0.0,0.0,0.0,0.0,0.0,0.0,0.0
52.0,52.0,103.0,298.0,86.5251,52.0,70.80177864415495,3.0,4.0,5.0,10.0,4.7496,4.0,1.7960017823599796,158.0,158.0,193.0,317.0,191.7911,191.0,44.869276637679356,4.0,4.0,6.0,14.0,5.7143,5.0,2.7506784859763824,1.0,1.0,2.0,4.0,1.611292428198433,1.0,0.8505820407381214,12.0,12.0,17.0,32.0,14.9175,12.0,5.493588235495095,3.0,employee,1.0,1.0,1.0,4.0,1.3407,1.0,1.0466771533315946,0.0,0.0,1.0,5.0,0.6696,0.0,1.6108057951009962,0.0,0.0,0.0,1.0,0.0777,0.0,0.4299781367928048,0.0,0.0,1.0,1.0,0.3144,0.0,0.5168939523111038,2.0,same_day_PCR,0.0,0.0,1.0,8.0,1.0103,0.0,2.5196882332699992,0.0,0.0,0.0,0.0,0.0,0.0,0.0
52.0,52.0,154.0,422.0,128.1575,102.0,107.26596054843884,2.0,2.0,5.0,11.0,3.8439,3.0,2.5653442047976545,123.0,141.0,225.0,344.0,189.5342,158.0,63.12844485978599,4.0,4.0,9.0,19.0,7.5054,6.0,4.176495558661012,1.0,1.0,2.0,5.0,1.9389020609155567,2.0,1.1216203189155478,12.0,12.0,22.0,40.0,18.5312,17.0,8.383331950093504,7.0,employee,1.0,1.0,2.0,7.0,1.8667,1.0,1.7151166935597275,0.0,0.0,2.0,9.0,1.626,1.0,2.5414110011935693,0.0,0.0,0.0,3.0,0.2607,0.0,0.857326665222242,0.0,0.0,1.0,4.0,0.6563,0.0,1.171455308901742,2.0,same_day_PCR,0.0,0.0,3.0,14.0,2.4927,1.0,4.0572888570185555,0.0,0.0,0.0,0.0,0.0,0.0,0.0
0.0,99.0,236.0,458.0,165.3198,149.0,116.83399311054389,0.0,2.0,5.0,10.0,3.4081,3.0,2.6556090856829053,105.0,167.0,241.0,365.0249999999997,208.1876,205.0,66.66205959358686,4.0,6.0,12.0,21.0,9.566,9.0,4.600408718368142,1.0,1.0,3.0,5.0,2.1874379344587886,2.0,1.2552048667352107,12.0,17.0,28.0,45.0,22.7329,22.0,9.133099087379597,,employee,1.0,1.0,3.0,8.0,2.4366,2.0,2.045775882127852,0.0,1.0,4.0,11.0,2.7994,2.0,2.9681375682509064,0.0,0.0,0.0,3.0,0.3524,0.0,0.9059229049046962,0.0,0.0,1.0,5.0,0.9129999999999999,0.0,1.4830545994987876,2.0,same_day_PCR,0.0,1.0,6.0,17.024999999999636,4.236000000000001,3.0,4.747710824787834,0.0,0.0,0.0,0.0,0.0,0.0,0.0
52.0,52.0,52.0,290.0,74.0694,52.0,60.95893357661599,4.0,4.0,5.0,13.0,5.4897,5.0,2.4221644448839155,123.0,140.0,176.0,277.0,163.1684,158.0,39.936994601419116,3.0,3.0,4.0,10.0,4.1209,4.0,1.8631774829664791,1.0,1.0,2.0,3.0,1.4097807757166947,1.0,0.6708915774691786,12.0,12.0,12.0,28.0,13.8217,12.0,4.741493149391715,2.0,employee,1.0,1.0,1.0,4.0,1.2590000000000001,1.0,0.8588322067062505,0.0,0.0,0.0,4.0,0.3694,0.0,1.3186802234632835,0.0,0.0,0.0,1.0,0.1065,0.0,0.6896414362051146,0.0,0.0,1.0,1.0,0.3752,0.0,0.5539455258096743,3.0,same_day_PCR,0.0,0.0,0.0,7.0,0.6284,0.0,2.0537125440336954,0.0,0.0,0.0,0.0,0.0,0.0,0.0
52.0,52.0,104.0,367.0,104.6114,52.0,95.47088382855742,3.0,4.0,6.0,19.0,6.2646,4.0,4.492238290706099,105.0,123.0,209.0,463.0,191.8829,158.0,100.89468946097284,3.0,3.0,6.0,19.0,5.8977,4.0,4.6544818326117685,1.0,1.0,2.0,4.0,1.6144845034788111,1.0,0.8616869870754957,12.0,12.0,18.0,49.0,18.0232,12.0,11.359619969725467,3.0,employee,1.0,1.0,2.0,10.0,2.0069999999999997,1.0,2.3376264564179143,0.0,0.0,1.0,14.0,1.6456,0.0,3.8477891298924902,0.0,0.0,0.0,0.0,0.0,0.0,0.0,0.0,0.0,0.0,1.0,0.2473,0.0,0.4536113824945676,3.0,same_day_PCR,0.0,0.0,2.0,23.0,2.6526,0.0,6.0573411971126285,0.0,0.0,0.0,0.0,0.0,0.0,0.0
52.0,52.0,282.0,527.0,169.5516,103.0,149.31930271353497,2.0,2.0,7.0,14.0,4.9126,3.0,3.6830038951607387,88.0,88.0,206.0,346.02499999999964,160.8254,141.0,73.9298077671493,3.0,3.0,11.0,23.0,7.7906,5.0,5.75934619960154,1.0,1.0,3.0,5.0,1.9501540692405293,2.0,1.1165974071198914,12.0,12.0,29.0,56.0,22.0429,18.0,12.834723705762439,7.0,employee,1.0,1.0,4.0,10.0,2.8310000000000004,1.0,2.7820878852581443,0.0,0.0,5.0,16.0,3.0253,1.0,4.512681723724151,0.0,0.0,0.0,2.0,0.1884,0.0,0.6613238048924988,0.0,0.0,2.0,9.0,1.6152,0.0,2.471748351671626,3.0,same_day_PCR,0.0,0.0,8.0,24.0,4.8563,1.0,7.085229026434903,0.0,0.0,0.0,0.0,0.0,0.0,0.0
0.0,101.0,335.0,567.0499999999993,226.6586,203.0,156.6129950197649,0.0,2.0,7.0,14.0,4.9453,4.0,3.7966234136314463,70.0,136.0,212.0,351.0,173.7427,169.0,74.81938579512048,3.0,6.0,14.0,25.0,10.2485,9.0,6.15578891156222,1.0,1.0,3.0,5.0,2.2023590121636563,2.0,1.2648583473459127,12.0,18.0,35.0,61.0,27.685,24.0,13.633053987133687,,employee,1.0,1.0,6.0,11.0,3.8844,3.0,3.1132307753499515,0.0,1.0,8.0,17.0,4.9039,3.0,4.951294408700837,0.0,0.0,0.0,3.0,0.3112,0.0,0.7585592272262734,0.0,0.0,4.0,9.0,2.4437,1.0,2.9363740462097003,3.0,same_day_PCR,0.0,1.0,13.0,27.0,7.7883,5.0,7.77459500827884,0.0,0.0,0.0,0.0,0.0,0.0,0.0
52.0,52.0,52.0,424.0,86.4944,52.0,96.54639759892096,4.0,4.0,5.0,19.0,5.9859,5.0,3.895204545572053,53.0,88.0,106.0,203.0,100.6361,105.0,35.33778364138403,1.0,2.0,2.0,11.0,2.5768,2.0,2.5056595125753414,1.0,1.0,2.0,3.0,1.4011494252873564,1.0,0.675709199197451,12.0,12.0,12.0,40.0,14.7377,12.0,7.587348383694367,2.0,employee,1.0,1.0,1.0,7.0,1.5325,1.0,1.6729087280426378,0.0,0.0,0.0,9.0,0.7472,0.0,2.572732799069025,0.0,0.0,0.0,3.0,0.1846,0.0,0.9462623215779671,0.0,0.0,1.0,5.0,0.6748,0.0,1.3538937413350731,7.0,same_day_PCR,0.0,0.0,0.0,15.0,1.2797,0.0,4.1429921974866,0.0,0.0,0.0,0.0,0.0,0.0,0.0
52.0,52.0,154.0,491.0,129.9264,52.0,137.05684893876742,3.0,4.0,8.0,20.0,6.5364,4.0,4.800747833200137,53.0,88.0,103.0,195.0,96.1432,88.0,37.469252571259354,1.0,2.0,5.0,13.0,3.6799,2.0,3.4686941597548477,1.0,1.0,2.0,4.0,1.618595825426945,1.0,0.8655278310245393,12.0,12.0,23.0,48.0,18.0456,12.0,10.830662535833001,3.0,employee,1.0,1.0,2.0,10.0,2.2704,1.0,2.4986212499726888,0.0,0.0,2.0,13.0,1.9275,0.0,3.8073472837835447,0.0,0.0,0.0,2.0,0.1605,0.0,0.6128436242066756,0.0,0.0,1.0,9.0,1.5745,0.0,2.691871907694856,7.0,same_day_PCR,0.0,0.0,4.0,21.0,3.1979,0.0,6.146227558537036,0.0,0.0,0.0,0.0,0.0,0.0,0.0
52.0,52.0,290.0,501.0,172.3878,103.0,144.3725166141927,2.0,2.0,8.0,14.0,5.1327,4.0,3.706948186377258,18.0,53.0,88.0,154.0,67.9363,53.0,33.31931962114475,1.0,2.0,7.0,14.0,4.9132,3.0,3.7279291175598486,1.0,1.0,2.0,5.0,1.9256559766763848,2.0,1.0940523500491517,12.0,12.0,29.0,51.0,21.8152,18.0,11.84994055128999,7.0,employee,1.0,1.0,5.0,10.0,3.0157,1.0,2.7745672333416675,0.0,0.0,5.0,14.0,3.1510000000000002,1.0,4.3144942329372284,0.0,0.0,0.0,3.0,0.3089,0.0,0.9306811520282734,0.0,0.0,5.0,11.0,2.6235,1.0,3.3278905083436183,7.0,same_day_PCR,0.0,0.0,9.0,23.0,5.1667,1.0,6.855961750998405,0.0,0.0,0.0,0.0,0.0,0.0,0.0
0.0,103.0,340.0,564.0249999999996,244.6799,250.0,152.60012685401537,0.0,2.0,7.0,14.0,5.3479,5.0,3.6921577421447327,35.0,35.0,70.0,124.0,58.0975,66.0,26.442865129588853,2.0,4.0,9.0,16.0,7.0403,7.0,4.0582906355124715,1.0,1.0,3.0,5.0,2.181851715234231,2.0,1.2662151091161136,12.0,19.0,34.0,59.0,27.9328,26.0,12.729174653084733,,employee,1.0,1.0,6.0,12.0,4.4096,4.0,3.1742456463768454,0.0,1.0,8.0,17.0,5.4663,5.0,4.882381393828988,0.0,0.0,1.0,4.0,0.6468,0.0,1.2244180985137376,0.0,0.0,7.0,13.0,4.2479,4.0,3.8802256642005384,7.0,same_day_PCR,0.0,2.0,14.0,27.0,8.8759,8.0,7.718306576940408,0.0,0.0,0.0,0.0,0.0,0.0,0.0
52.0,52.0,52.0,452.0249999999997,90.5289,52.0,105.61344793551851,4.0,4.0,5.0,21.0,6.1959,5.0,4.467316742955237,53.0,53.0,71.0,162.0,73.8246,70.0,28.062651087853553,1.0,1.0,1.0,10.0,1.8695,1.0,2.505573295625968,1.0,1.0,2.0,3.0,1.4198167239404351,1.0,0.6901992326258296,12.0,12.0,12.0,43.0,15.0781,12.0,8.54994213670795,2.0,employee,1.0,1.0,1.0,8.0,1.6515,1.0,1.9637294552298528,0.0,0.0,0.0,11.0,0.9005,0.0,2.9809542698330485,0.0,0.0,0.0,4.0,0.2361,0.0,1.0615410858500458,0.0,0.0,1.0,6.0,0.7612,0.0,1.6325566097714377,,same_day_PCR,0.0,0.0,0.0,18.0,1.5519999999999998,0.0,4.8459513332711515,0.0,0.0,0.0,0.0,0.0,0.0,0.0
52.0,52.0,200.0,525.0,136.35299999999998,52.0,148.44444269239798,3.0,4.0,9.0,21.0,6.7379999999999995,4.0,5.264040939497077,35.0,53.0,68.0,131.0,63.6555,53.0,23.80978602047977,1.0,1.0,4.0,13.0,2.9193,1.0,3.5172183032133857,1.0,1.0,2.0,4.0,1.633419689119171,1.0,0.8489844326725191,12.0,12.0,23.0,51.0,18.3657,12.0,11.741105095555804,3.0,employee,1.0,1.0,2.0,11.0,2.4516,1.0,2.8234827156305644,0.0,0.0,2.0,15.0,2.1724,0.0,4.313506563561413,0.0,0.0,0.0,3.0,0.2859,0.0,0.951762457327204,0.0,0.0,1.0,10.0,1.7268,0.0,2.980343940722362,,same_day_PCR,0.0,0.0,4.0,24.0,3.6239999999999997,0.0,6.986995478070747,0.0,0.0,0.0,0.0,0.0,0.0,0.0
52.0,52.0,330.0,560.0249999999996,196.9056,105.0,165.96749323141853,2.0,2.0,9.0,17.0,5.7766,4.0,4.4621837196999,17.0,18.0,35.0,53.0,25.6881,18.0,11.589695875865313,1.0,1.0,7.0,14.0,4.3017,2.0,3.9908733150754983,1.0,1.0,3.0,5.0,1.950254175744372,2.0,1.1096068961496783,12.0,12.0,31.0,57.0,23.1395,18.0,13.659849885701163,7.0,employee,1.0,1.0,6.0,12.0,3.5311,2.0,3.3398724923006387,0.0,0.0,7.0,17.0,3.8976,1.0,5.2000786841962485,0.0,0.0,1.0,5.0,0.6271,0.0,1.3572876677334462,0.0,0.0,6.0,13.0,3.1699,1.0,3.8887718169911265,,same_day_PCR,0.0,0.0,11.0,27.0,6.4287,2.0,8.323607664616071,0.0,0.0,0.0,0.0,0.0,0.0,0.0
0.0,153.0,342.0,574.0,259.0031,276.0,148.9183036315739,0.0,3.0,8.0,14.0,5.731,6.0,3.6441689034263587,0.0,0.0,0.0,0.0,0.0,0.0,0.0,0.0,3.0,8.0,14.0,5.731,6.0,3.6441689034263587,1.0,1.0,3.0,5.0,2.187052137385718,2.0,1.2777406473896025,12.0,23.0,35.0,62.0,28.7515,28.0,13.117856363200376,,employee,1.0,2.0,8.0,13.0,5.1919,5.0,3.5539186011700337,0.0,2.0,10.0,20.0,6.6133,6.0,5.618159794981643,0.0,0.0,1.0,5.0,0.9518,0.0,1.5227306494791146,0.0,0.0,8.0,15.0,5.3155,5.0,4.384459156864142,,same_day_PCR,0.0,3.0,16.0,31.0,10.8052,10.0,8.830665378390382,0.0,0.0,0.0,0.0,0.0,0.0,0.0
52.0,52.0,52.0,103.0,62.8239,52.0,20.705090168021165,4.0,4.0,5.0,7.0,4.7722,4.0,0.944137860500236,158.0,158.0,211.0,262.0,198.2372,193.0,33.92788007324693,4.0,4.0,5.0,7.0,5.1032,5.0,1.0837283823544863,1.0,1.0,2.0,4.0,1.585933861201677,1.0,0.8015871960693228,12.0,12.0,12.0,17.0,13.0735,12.0,2.053172983927607,2.0,resident,0.0,0.0,0.0,2.0,0.1593,0.0,0.4581970148860041,1.0,1.0,1.0,3.0,1.1812,1.0,0.4925350942642647,0.0,0.0,0.0,0.0,0.0,0.0,0.0,0.0,0.0,1.0,1.0,0.3401,0.0,0.4737662244647082,2.0,same_day_PCR,0.0,0.0,0.0,3.0,0.3405,0.0,0.7496772316104842,0.0,0.0,0.0,0.0,0.0,0.0,0.0
52.0,52.0,52.0,203.0,72.2624,52.0,48.051331295646,3.0,3.0,4.0,8.0,4.0182,4.0,1.404516296310819,140.0,158.0,193.0,287.0,184.7857,174.0,39.765081436860754,4.0,4.0,5.0,11.0,5.4146,5.0,1.939763673314569,1.0,1.0,2.0,4.0,1.575091575091575,1.0,0.8177163887246641,12.0,12.0,12.0,23.0,13.6645,12.0,3.6651716328583883,3.0,resident,0.0,0.0,0.0,2.0,0.22,0.0,0.6960233076876697,1.0,1.0,1.0,4.0,1.3123,1.0,0.8308054728836209,0.0,0.0,0.0,1.0,0.0529,0.0,0.36457493261077184,0.0,0.0,1.0,1.0,0.3608,0.0,0.5111257036664218,2.0,same_day_PCR,0.0,0.0,0.0,5.0,0.5323,0.0,1.3814295294203305,0.0,0.0,0.0,0.0,0.0,0.0,0.0
52.0,52.0,52.0,312.04999999999933,79.6976,52.0,72.18983648332464,1.0,2.0,2.0,8.0,2.3621,2.0,1.7822741764734216,104.0,122.0,157.0,298.0,155.6643,156.0,48.005023213569785,4.0,4.0,5.0,15.0,5.706,5.0,2.9049626298436406,1.0,1.0,2.0,4.0,1.6091566265060242,1.0,0.8401755178065459,12.0,12.0,12.0,32.0,14.2432,12.0,5.7088626600477195,7.0,resident,0.0,0.0,0.0,4.0,0.3316,0.0,1.1454137406473377,1.0,1.0,1.0,6.0,1.4968,1.0,1.4295433254756365,0.0,0.0,0.0,2.0,0.1042,0.0,0.5596192253378512,0.0,0.0,1.0,2.0,0.4824,0.0,0.7928134051020649,2.0,same_day_PCR,0.0,0.0,0.0,9.0,0.8284,0.0,2.4678659761517894,0.0,0.0,0.0,0.0,0.0,0.0,0.0
52.0,52.0,52.0,298.0,79.1274,52.0,70.62775089976827,1.0,1.0,1.0,6.0,1.5656,1.0,1.5405628755092535,104.0,104.0,139.0,296.0,142.9169,138.0,48.83488792879432,4.0,4.0,5.0,15.0,5.7346,5.0,2.9883533702670704,1.0,1.0,2.0,4.0,1.585886722376973,1.0,0.8117263421886717,12.0,12.0,12.0,33.0,14.3046,12.0,5.853994001071103,,resident,0.0,0.0,0.0,4.0,0.3303,0.0,1.1763249058097864,1.0,1.0,1.0,6.0,1.5148,1.0,1.4675136522812875,0.0,0.0,0.0,1.0,0.081,0.0,0.4587592462333598,0.0,0.0,1.0,2.0,0.4591,0.0,0.7391764526706855,2.0,same_day_PCR,0.0,0.0,0.0,8.0,0.8451,0.0,2.550520830271842,0.0,0.0,0.0,0.0,0.0,0.0,0.0
52.0,52.0,104.0,433.0,114.3407,52.0,109.06526920520885,4.0,4.0,7.0,19.0,6.7526,5.0,4.262089837272098,141.0,158.0,200.0,296.0,186.4535,176.0,41.51146296995313,3.0,4.0,6.0,14.0,5.6099,4.0,2.9996702805773867,1.0,1.0,3.0,5.0,1.9627279936558288,2.0,1.114035338229579,12.0,12.0,18.0,39.0,16.951,12.0,8.2843866463493,2.0,resident,0.0,0.0,1.0,9.0,1.0625,0.0,2.2428769024803765,1.0,1.0,2.0,13.0,2.2824,1.0,3.1063507821104417,0.0,0.0,0.0,5.0,0.3838,0.0,1.345911849962986,0.0,0.0,1.0,2.0,0.4354,0.0,0.7465136088892322,3.0,same_day_PCR,0.0,0.0,2.0,20.0,2.3449,0.0,5.189955448147448,0.0,0.0,0.0,0.0,0.0,0.0,0.0
52.0,52.0,153.0,374.0,114.2555,52.0,99.32056019333416,3.0,3.0,8.0,20.0,6.3728,4.0,4.890052292270719,106.0,140.0,257.0,466.0249999999997,208.3706,158.0,100.24037244976141,3.0,4.0,8.0,20.0,6.746,4.0,4.698881989281591,1.0,1.0,3.0,5.0,1.998409331919406,2.0,1.1209050468718402,12.0,12.0,23.0,52.0,19.1854,12.0,11.922048496967136,3.0,resident,0.0,0.0,1.0,10.0,1.4268,0.0,2.8244715477328493,1.0,1.0,3.0,16.0,2.9692,1.0,4.078273481690402,0.0,0.0,0.0,0.0,0.0,0.0,0.0,0.0,0.0,1.0,1.0,0.2625,0.0,0.4884850169259812,3.0,same_day_PCR,0.0,0.0,3.0,25.0,3.3960000000000004,0.0,6.754846171059668,0.0,0.0,0.0,0.0,0.0,0.0,0.0
52.0,52.0,203.0,507.0249999999997,140.9881,52.0,143.00360191759555,1.0,2.0,6.0,13.0,3.8899,2.0,3.5710857250037464,88.0,122.0,174.0,314.02499999999964,149.4146,122.0,59.48772298347429,3.0,4.0,9.0,21.0,7.0235,4.0,5.2102842970653365,1.0,1.0,3.0,5.0,1.9496555378908318,2.0,1.081423333010115,12.0,12.0,24.0,52.0,19.2065,12.0,11.912239415609035,7.0,resident,0.0,0.0,2.0,9.0,1.4823,0.0,2.7122356704816823,1.0,1.0,4.0,15.0,3.1343,1.0,4.008973771062828,0.0,0.0,0.0,1.0,0.1143,0.0,0.4600615998619823,0.0,0.0,1.0,8.0,1.3338,0.0,2.3030214829208777,3.0,same_day_PCR,0.0,0.0,5.0,23.0,3.6166,0.0,6.552442131739049,0.0,0.0,0.0,0.0,0.0,0.0,0.0
52.0,52.0,242.0,529.0,145.1643,52.0,147.69554462779263,1.0,1.0,5.0,12.0,3.0987,1.0,3.4774656844832665,70.0,104.0,156.0,298.0,134.6056,104.0,57.32591451243904,3.0,4.0,9.0,22.0,7.1637,4.0,5.4078486288615055,1.0,1.0,3.0,5.0,1.9934245134139927,2.0,1.149314977659745,12.0,12.0,24.0,54.0,19.477999999999998,12.0,12.393138221915331,,resident,0.0,0.0,2.0,10.0,1.5619999999999998,0.0,2.8225082205842247,1.0,1.0,4.0,16.0,3.2765,1.0,4.154103201334884,0.0,0.0,0.0,2.0,0.13,0.0,0.5045051561136462,0.0,0.0,1.0,8.0,1.3887,0.0,2.340247847130427,3.0,same_day_PCR,0.0,0.0,5.0,23.0,3.8385,0.0,6.815090776815055,0.0,0.0,0.0,0.0,0.0,0.0,0.0
52.0,52.0,292.0,562.0249999999996,188.9741,105.0,156.1745340242697,4.0,5.0,13.0,25.0,9.7672,8.0,6.229035579319228,89.0,106.0,170.0,248.0,140.0583,133.0,45.80113399794321,2.0,2.0,8.0,16.0,5.4339,4.0,4.034558037239715,1.0,1.0,3.0,7.0,2.6314316803979483,2.0,1.617934530388763,12.0,12.0,29.0,53.0,22.6052,18.0,12.050496023211682,2.0,resident,0.0,0.0,4.0,11.0,2.4955,1.0,3.183173418037561,1.0,1.0,6.0,17.0,4.0712,2.0,4.523734848297121,0.0,0.0,1.0,7.0,0.8190000000000001,0.0,1.9019991482847745,0.0,0.0,3.0,8.0,1.7044,1.0,2.4483504818567545,7.0,same_day_PCR,0.0,0.0,8.0,26.0,5.5667,2.0,7.460758500430112,0.0,0.0,0.0,0.0,0.0,0.0,0.0
52.0,52.0,322.0,542.0,200.4175,153.0,154.1375432267337,3.0,4.0,12.0,22.0,8.638,7.0,5.703052558134817,71.0,89.0,141.0,223.0249999999996,117.42200000000001,106.0,43.283505659618406,2.0,2.0,8.0,15.0,5.6992,5.0,3.9064620060280184,1.0,1.0,3.75,7.0,2.6758534293767617,2.0,1.63329763804447,12.0,12.0,30.0,54.0,23.3369,21.0,12.29680119063296,3.0,resident,0.0,0.0,5.0,11.0,2.8014,2.0,3.3013100285781216,1.0,1.0,7.0,16.0,4.6296,3.0,4.526085768656901,0.0,0.0,0.0,3.0,0.3745,0.0,0.983741086187044,0.0,0.0,5.0,11.0,2.8862,1.0,3.394112779528107,7.0,same_day_PCR,0.0,0.0,11.0,25.0,6.431,4.0,7.553167814526793,0.0,0.0,0.0,0.0,0.0,0.0,0.0
52.0,52.0,296.0,509.0,194.5638,155.0,144.27899906957094,1.0,2.0,8.0,14.0,5.4502,5.0,3.790746224121785,35.0,53.0,97.0,154.0,72.7654,53.0,33.880816900059855,2.0,2.0,8.0,14.0,5.6719,5.0,3.7413968240510784,1.0,1.0,3.0,7.0,2.6269534272009905,2.0,1.6068940338212403,12.0,12.0,29.0,53.0,23.1505,23.0,11.81670906857409,7.0,resident,0.0,0.0,5.0,10.0,2.6898,2.0,3.1040521055464576,1.0,1.0,7.0,16.0,4.6143,3.0,4.317916158286888,0.0,0.0,0.0,3.0,0.3417,0.0,0.900789793584065,0.0,0.0,6.0,12.0,3.2626,2.0,3.553829513415218,7.0,same_day_PCR,0.0,0.0,11.0,24.0,6.3041,4.0,7.146014955412163,0.0,0.0,0.0,0.0,0.0,0.0,0.0
52.0,52.0,323.0,562.0,209.9013,198.0,157.58913284801451,1.0,1.0,7.0,14.0,4.5682,4.0,3.787794014772957,34.0,35.0,69.0,104.0,51.3475,35.0,23.820207471355022,2.0,2.0,8.0,16.0,6.0687,6.0,4.204871984358202,1.0,1.0,4.0,7.0,2.6662004662004657,2.0,1.6086202449737528,12.0,12.0,30.0,57.0,23.9419,23.0,12.99176673860407,,resident,0.0,0.0,5.0,11.0,2.88,2.0,3.3248015625812997,1.0,1.0,8.0,17.0,4.9689,3.0,4.630710219579041,0.0,0.0,0.0,4.0,0.4751,0.0,1.0718651405321236,0.0,0.0,6.0,12.0,3.4695,2.0,3.713387762524604,7.0,same_day_PCR,0.0,0.0,11.0,26.0,6.8489,5.0,7.690304471754472,0.0,0.0,0.0,0.0,0.0,0.0,0.0
53.0,152.0,378.25,613.0249999999996,275.0777,258.0,154.98947911575698,4.0,9.0,17.0,30.0,13.6567,12.0,6.694604311136564,54.0,96.0,138.0,198.0,118.6613,116.0,34.99444303620707,1.0,3.0,9.0,16.0,6.1823,6.0,4.040878565356548,1.0,2.0,5.0,8.0,3.3485969110289315,3.0,2.038830779509812,12.0,22.0,37.0,61.0,29.6939,27.0,12.74920613276378,2.0,resident,0.0,2.0,7.0,13.0,4.6603,4.0,3.5919067484288814,1.0,2.0,10.0,20.0,6.7138,5.0,5.467053907530342,0.0,0.0,3.0,9.0,1.6753,1.0,2.469510023866232,0.0,0.0,5.0,11.0,3.0912,2.0,3.3404488350881807,,same_day_PCR,0.0,3.0,16.0,31.0,10.3741,8.0,8.695039365118259,0.0,0.0,0.0,0.0,0.0,0.0,0.0
53.0,198.0,375.0,597.0,289.296,287.0,144.22011623970084,3.0,9.0,15.0,26.0,11.9488,11.0,5.746623437123128,36.0,69.0,102.0,158.0,87.4628,84.0,29.326176338245357,1.0,4.0,8.0,15.0,6.4826,6.0,3.6909970991533703,1.0,2.0,5.0,8.0,3.3379010331702013,3.0,2.0526870680820823,12.0,23.0,35.0,62.0,30.1001,28.0,12.515228447148235,3.0,resident,0.0,2.0,7.0,13.0,5.0153,5.0,3.5363422461136538,1.0,3.0,11.0,19.0,7.4613,7.0,5.002439879746187,0.0,0.0,2.0,5.0,1.0272,0.0,1.5880530064311846,0.0,1.0,8.0,13.0,4.9962,5.0,3.947118383625381,,same_day_PCR,0.0,5.0,17.0,30.0,11.4766,11.0,8.11654115150206,0.0,0.0,0.0,0.0,0.0,0.0,0.0
53.0,218.0,362.0,585.0,287.5795,285.0,136.08123636283958,2.0,6.0,10.0,17.0,8.087,8.0,3.8741879062834985,18.0,18.0,36.0,54.0,28.5825,28.0,11.889488203576061,1.0,5.0,8.0,15.0,6.4456,6.0,3.5008379320703584,1.0,2.0,5.0,8.0,3.3806345733041576,3.0,2.024707120360449,12.0,24.0,35.0,61.0,29.721,26.0,12.08846442263076,7.0,resident,0.0,3.0,7.0,13.0,5.0709,5.0,3.471811996328975,1.0,4.0,11.0,20.0,7.8175,7.0,5.1017248563256485,0.0,0.0,2.0,6.0,1.1623,0.0,1.7116809560106454,0.0,3.0,9.0,14.0,5.8965,6.0,4.094760610395392,,same_day_PCR,0.0,6.0,17.0,31.0,11.8884,11.0,8.155832097322747,0.0,0.0,0.0,0.0,0.0,0.0,0.0
53.0,231.0,350.0,563.0249999999996,284.9084,280.0,128.24124294110342,1.0,5.0,8.0,14.0,6.3933,6.0,3.2579865803369663,0.0,0.0,0.0,0.0,0.0,0.0,0.0,1.0,5.0,8.0,14.0,6.3933,6.0,3.2579865803369663,1.0,2.0,5.0,8.0,3.391955404962291,3.0,2.0528768704727405,12.0,24.0,34.0,60.0,29.7616,27.0,11.746649046276204,,resident,0.0,3.0,8.0,13.0,5.4373,5.0,3.619223478573655,1.0,5.0,12.0,20.0,8.4179,8.0,5.237633327208677,0.0,0.0,2.0,6.0,1.1896,1.0,1.6142219213110458,0.0,3.0,9.0,15.0,6.507999999999999,7.0,4.337674208807546,,same_day_PCR,0.0,7.0,18.0,32.0,12.8552,12.0,8.436987094640095,0.0,0.0,0.0,0.0,0.0,0.0,0.0
210.0,227.0,363.0,505.0,304.6522,262.0,89.183815855014,4.0,5.0,7.0,10.0,6.0906,5.0,1.8625086667861133,0.0,0.0,0.0,0.0,0.0,0.0,0.0,4.0,4.0,7.0,10.0,5.7621,5.0,1.781915012594936,1.0,1.0,2.0,4.0,1.6275274056029232,1.0,0.8620052050197875,12.0,12.0,17.0,22.0,14.7139,12.0,3.5284404174051063,2.0,employee,1.0,1.0,1.0,3.0,1.3019999999999998,1.0,0.6528695305054344,0.0,0.0,1.0,4.0,0.5788,0.0,1.0381225023247416,0.0,0.0,1.0,3.0,0.6414,0.0,1.02660188541767,0.0,0.0,1.0,3.0,0.9795,1.0,0.9186752126919728,2.0,one_day_PCR,0.0,0.0,1.0,5.0,0.8808,0.0,1.4503108977629648,0.0,0.0,0.0,0.0,0.0,0.0,0.0
210.0,211.0,430.0,777.0249999999997,346.0452,295.0,164.2783731820763,3.0,4.0,7.0,14.0,5.7532,5.0,2.819341169220718,0.0,0.0,0.0,0.0,0.0,0.0,0.0,4.0,4.0,9.0,19.02499999999964,7.4627,6.0,4.312362271056976,1.0,1.0,2.0,4.0,1.7224852071005916,1.0,0.9443518891330079,12.0,12.0,22.0,39.0,18.166,17.0,8.343692571072598,3.0,employee,1.0,1.0,2.0,8.0,1.909,1.0,1.9801795653705525,0.0,0.0,2.0,12.0,1.6358,0.0,3.1141496676966702,0.0,0.0,2.0,10.0,1.496,0.0,2.731982864704188,0.0,0.0,1.0,4.0,0.9815,1.0,1.1112521037657532,2.0,one_day_PCR,0.0,0.0,3.0,19.0,2.5448,1.0,4.930499360348224,0.0,0.0,0.0,0.0,0.0,0.0,0.0
175.0,210.0,547.0,946.0249999999997,407.5763,344.0,229.09248856115192,2.0,2.0,7.0,15.0,5.2279,4.0,3.8304084368222786,0.0,0.0,0.0,0.0,0.0,0.0,0.0,4.0,5.0,13.0,26.0,9.9965,8.0,6.259489265953497,1.0,1.0,3.0,5.0,1.9841680621099105,2.0,1.1606857694085273,12.0,12.0,29.0,54.0,23.0735,19.0,12.250694090563607,7.0,employee,1.0,1.0,4.0,11.0,2.8006,1.0,2.8028245079780243,0.0,0.0,5.0,16.0,3.1849,1.0,4.36783925894477,0.0,0.0,3.0,12.0,2.1987,1.0,3.455605942702832,0.0,0.0,2.0,6.0,1.4982,1.0,1.7274533769444986,2.0,one_day_PCR,0.0,0.0,7.0,25.0,4.9855,2.0,6.9622652250331845,0.0,0.0,0.0,0.0,0.0,0.0,0.0
140.0,278.0,640.0,978.0249999999997,472.5409,445.0,237.38316453335602,0.0,2.0,7.0,14.0,5.0727,4.0,3.970364100319882,0.0,0.0,0.0,0.0,0.0,0.0,0.0,4.0,7.0,17.0,28.0,12.4945,11.0,6.803440190803692,1.0,1.0,3.0,5.0,2.181885856079405,2.0,1.2710252031349702,12.0,18.0,37.0,58.0,27.9575,26.0,13.114278179877761,,employee,1.0,1.0,5.0,13.0,3.7852,2.0,3.323637407504263,0.0,1.0,7.0,18.0,4.8811,3.0,5.1371005217123225,0.0,0.0,5.0,14.0,3.051,1.0,4.069478475862301,0.0,0.0,3.0,7.0,1.8774,1.0,2.0157816294325523,2.0,one_day_PCR,0.0,1.0,12.0,29.0,7.6663,5.0,8.19752793569047,0.0,0.0,0.0,0.0,0.0,0.0,0.0
175.0,192.0,377.0,730.0,303.0877,227.0,157.5249498323741,4.0,5.0,9.0,20.0,7.3353,5.0,4.295476576807537,0.0,0.0,0.0,0.0,0.0,0.0,0.0,3.0,3.0,6.0,14.0,5.3715,4.0,3.2541891040123136,1.0,1.0,2.0,4.0,1.6059372755566197,1.0,0.8673202602292682,12.0,12.0,22.0,42.0,17.4556,12.0,8.491103492706491,2.0,employee,1.0,1.0,2.0,8.0,1.8681,1.0,1.7874064652974766,0.0,0.0,1.0,10.0,1.2836,0.0,2.7978123266905413,0.0,0.0,2.0,11.0,1.5696,0.0,3.053143954811316,0.0,0.0,1.0,4.0,0.9255,1.0,1.076320396796259,3.0,one_day_PCR,0.0,0.0,2.0,16.0,2.1517,0.0,4.424188564521798,0.0,0.0,0.0,0.0,0.0,0.0,0.0
158.0,175.0,578.0,921.0,379.1279,261.0,241.92544829728718,3.0,4.0,12.0,22.0,8.3602,5.0,5.939173624195021,0.0,0.0,0.0,0.0,0.0,0.0,0.0,3.0,3.0,12.0,22.0,7.9804,5.0,6.095435281678194,1.0,1.0,2.0,4.0,1.724432948666932,1.0,0.9254112581964604,12.0,12.0,33.0,59.0,23.526,17.0,15.173349895613212,3.0,employee,1.0,1.0,4.0,13.0,3.2517,1.0,3.635583702362757,0.0,0.0,5.0,20.0,3.6266,0.0,5.9197024188444445,0.0,0.0,6.0,19.0,3.5632,0.0,5.599244673533334,0.0,0.0,1.0,1.0,0.2521,0.0,0.4424535755496295,3.0,one_day_PCR,0.0,0.0,8.0,32.0,5.8783,1.0,9.392566802589917,0.0,0.0,0.0,0.0,0.0,0.0,0.0
140.0,141.0,607.0,990.0249999999997,413.1405,359.0,265.08184697996546,2.0,2.0,10.0,18.0,6.5985,5.0,4.910856279809061,0.0,0.0,0.0,0.0,0.0,0.0,0.0,3.0,3.0,15.0,28.0,10.1993,8.0,7.553097671713496,1.0,1.0,3.0,5.0,1.9984575042418635,2.0,1.1693916338996522,12.0,12.0,36.0,68.0,26.973000000000003,23.0,16.44452228650389,7.0,employee,1.0,1.0,7.0,14.0,4.2605,2.0,3.9733132863955225,0.0,0.0,9.0,21.0,5.2726,2.0,6.486454859911149,0.0,0.0,4.0,13.0,2.4402,0.0,3.8025609668999,0.0,0.0,5.0,11.0,2.6409,1.0,3.364354184372952,3.0,one_day_PCR,0.0,0.0,15.0,33.0,8.5331,3.0,10.243368442543936,0.0,0.0,0.0,0.0,0.0,0.0,0.0
105.0,238.75,624.0,985.0249999999997,454.491,455.0,253.98355553785046,0.0,2.0,9.0,16.0,6.249,6.0,4.6372998021419205,0.0,0.0,0.0,0.0,0.0,0.0,0.0,3.0,6.0,16.0,29.0,11.9688,11.0,7.4318604544879285,1.0,1.0,3.0,5.0,2.177788844621514,2.0,1.272004308468374,12.0,18.0,40.0,70.0,30.8774,29.0,16.245102633592612,,employee,1.0,1.0,8.0,14.0,5.2313,4.0,4.017762381158839,0.0,1.0,11.0,22.0,6.8751,5.0,6.5628657696703705,0.0,0.0,4.0,12.024999999999634,2.6578,1.0,3.648565521274944,0.0,0.0,6.0,12.0,3.489,2.0,3.6692540580524335,3.0,one_day_PCR,0.0,1.0,19.0,34.0,11.1064,9.0,10.303994190100603,0.0,0.0,0.0,0.0,0.0,0.0,0.0
105.0,140.0,381.0,834.0249999999997,277.8689,157.0,210.94485934992255,4.0,5.0,11.0,29.0,8.9268,5.0,6.917949664659052,0.0,0.0,0.0,0.0,0.0,0.0,0.0,1.0,2.0,6.0,17.0,4.3504,2.0,4.471511968219271,1.0,1.0,2.0,4.0,1.6234169653524493,1.0,0.8619457979774148,12.0,12.0,24.0,59.0,20.1815,12.0,13.444747445504037,2.0,employee,1.0,1.0,3.0,12.0,2.6897,1.0,3.062507437571462,0.0,0.0,3.0,19.0,2.5407,0.0,5.025024238435043,0.0,0.0,2.0,12.0,1.6438,0.0,3.2449922276418084,0.0,0.0,1.0,9.0,1.6519,1.0,2.333081806767973,7.0,one_day_PCR,0.0,0.0,5.0,29.0,4.2304,0.0,7.93121719918362,0.0,0.0,0.0,0.0,0.0,0.0,0.0
105.0,140.0,474.0,788.0,307.5626,191.0,214.04055694480363,3.0,4.0,13.0,25.0,8.9772,5.0,6.566353010552047,0.0,0.0,0.0,0.0,0.0,0.0,0.0,1.0,2.0,9.0,17.0,5.4531,3.0,4.694017870692126,1.0,1.0,2.0,4.0,1.7238747553816047,1.0,0.9421916205747518,12.0,12.0,31.0,59.0,23.1986,17.0,14.377128650145073,3.0,employee,1.0,1.0,6.0,13.0,3.6095,1.0,3.6371324726028784,0.0,0.0,7.0,19.0,4.0684,0.0,5.717446139583293,0.0,0.0,2.0,10.0,1.5623,0.0,2.7370180556188655,0.0,0.0,5.0,12.0,2.9006,1.0,3.662903401146775,7.0,one_day_PCR,0.0,0.0,12.0,30.0,6.6779,1.0,9.151913862287726,0.0,0.0,0.0,0.0,0.0,0.0,0.0
70.0,106.0,412.0,679.0249999999996,287.8422,299.0,178.33708170380902,2.0,2.0,9.0,16.0,6.2691,6.0,4.267330102138814,0.0,0.0,0.0,0.0,0.0,0.0,0.0,1.0,2.0,9.0,16.0,6.0467,6.0,4.290985943351085,1.0,1.0,3.0,5.0,1.985453988669423,2.0,1.1481137156091823,12.0,12.0,32.0,58.0,24.9159,24.0,13.435582558187336,7.0,employee,1.0,1.0,6.0,12.0,3.8108,3.0,3.2570944454256536,0.0,0.0,8.0,17.0,4.4339,3.0,5.126037301448514,0.0,0.0,2.0,6.0,1.0423,0.0,1.7297427297118784,0.0,0.0,6.0,13.0,3.7046,2.0,3.9009563681305903,7.0,one_day_PCR,0.0,0.0,12.0,27.0,7.2447,5.0,8.128261116184524,0.0,0.0,0.0,0.0,0.0,0.0,0.0
70.0,171.0,420.0,685.0249999999996,317.1891,326.0,170.75483671807444,0.0,2.0,8.0,15.0,5.7667,6.0,3.9216334646296422,0.0,0.0,0.0,0.0,0.0,0.0,0.0,2.0,4.0,10.0,18.0,7.4268,7.0,4.34625479615212,1.0,1.0,3.0,5.0,2.1906242228301416,2.0,1.2360286518948946,12.0,19.0,35.0,63.0,28.6072,27.0,13.538236094250033,,employee,1.0,2.0,7.0,12.0,4.8085,4.0,3.4139703087939903,0.0,1.0,9.0,18.0,6.0202,5.0,5.326727828877339,0.0,0.0,2.0,6.0,1.1492,0.0,1.7960684692390263,0.0,0.0,8.0,14.0,4.7833,5.0,4.164573865060837,7.0,one_day_PCR,0.0,2.0,15.0,29.0,9.8287,9.0,8.402262559073666,0.0,0.0,0.0,0.0,0.0,0.0,0.0
105.0,122.0,358.0,789.0,250.6465,123.0,206.82017212087803,4.0,5.0,12.0,30.0,9.2037,5.0,7.401978467850594,0.0,0.0,0.0,0.0,0.0,0.0,0.0,1.0,1.0,5.0,16.0,3.5201,1.0,4.258662890034981,1.0,1.0,2.0,4.0,1.5969252942589478,1.0,0.8418476744112943,12.0,12.0,25.0,60.0,20.5743,12.0,14.234245357028534,2.0,employee,1.0,1.0,3.0,13.0,2.9045,1.0,3.390830211460358,0.0,0.0,3.0,20.0,2.8118,0.0,5.471761579005225,0.0,0.0,2.0,12.0,1.6875,0.0,3.3051075812463897,0.0,0.0,2.0,10.0,1.7619,1.0,2.562511470511625,,one_day_PCR,0.0,0.0,6.0,31.0,4.7163,0.0,8.715848261132766,0.0,0.0,0.0,0.0,0.0,0.0,0.0
88.0,105.0,441.0,750.0499999999993,278.4522,157.0,209.8682815118056,3.0,4.0,13.0,26.0,9.1136,5.0,6.705922157257563,0.0,0.0,0.0,0.0,0.0,0.0,0.0,1.0,1.0,8.0,15.0,4.5751,2.0,4.493214760935515,1.0,1.0,2.0,4.0,1.7659992147624657,1.0,0.9781704396433776,12.0,12.0,32.0,60.0,23.4391,17.0,14.681867964080439,3.0,employee,1.0,1.0,6.0,13.0,3.7533,1.0,3.72580558708144,0.0,0.0,8.0,19.0,4.2787,0.0,5.87074721626538,0.0,0.0,2.0,9.0,1.5239,0.0,2.5842013465788547,0.0,0.0,6.0,13.0,3.1088,1.0,3.8887369141507566,,one_day_PCR,0.0,0.0,13.0,30.0,7.032,1.0,9.389568275444828,0.0,0.0,0.0,0.0,0.0,0.0,0.0
70.0,71.0,385.0,627.0,258.4057,268.0,175.84282520884307,2.0,2.0,10.0,17.0,6.6301,6.0,4.574097312762668,0.0,0.0,0.0,0.0,0.0,0.0,0.0,1.0,1.0,8.0,14.0,5.1052,5.0,4.123643219695459,1.0,1.0,3.0,5.0,1.9855138761817628,2.0,1.1283110540611927,12.0,12.0,33.0,60.0,25.5623,24.0,13.966353304011081,7.0,employee,1.0,1.0,6.0,12.0,4.129,3.0,3.491443543550687,0.0,0.0,8.0,18.0,4.8443,3.0,5.468093590525997,0.0,0.0,2.0,6.0,1.0944,0.0,1.7572129693756458,0.0,0.0,7.0,13.0,3.9633,3.0,4.072617307232918,,one_day_PCR,0.0,0.0,14.0,29.0,7.9733,6.0,8.694190359349193,0.0,0.0,0.0,0.0,0.0,0.0,0.0
0.0,152.0,343.0,571.0,259.5703,278.0,149.8331226877937,0.0,3.0,8.0,14.0,5.752999999999999,6.0,3.669024008332103,0.0,0.0,0.0,0.0,0.0,0.0,0.0,0.0,3.0,8.0,14.0,5.752999999999999,6.0,3.669024008332103,1.0,1.0,3.0,5.0,2.154543197616684,2.0,1.2510253383287495,12.0,22.0,35.0,61.024999999999636,28.8573,28.0,13.313416594403618,,employee,1.0,2.0,8.0,13.0,5.2424,5.0,3.6099785919785528,0.0,1.0,10.0,20.0,6.6632,6.0,5.6969475406684325,0.0,0.0,2.0,5.0,0.9973,0.0,1.5754811722430735,0.0,0.0,9.0,15.0,5.3475,5.0,4.447574827047231,,one_day_PCR,0.0,2.0,16.0,31.0,10.9056,10.0,8.971027620827915,0.0,0.0,0.0,0.0,0.0,0.0,0.0
210.0,245.0,392.0,505.0,325.1564,264.0,92.18728105611343,4.0,4.0,7.0,10.0,6.0707,5.0,1.8359843664528808,0.0,0.0,0.0,0.0,0.0,0.0,0.0,4.0,5.0,8.0,10.0,6.4056,5.0,1.9156345177409384,1.0,1.0,3.0,5.0,1.965203317823184,2.0,1.106620283646738,12.0,12.0,18.0,22.0,15.2934,12.0,3.657219430851332,2.0,resident,0.0,0.0,1.0,3.0,0.5763,0.0,0.9605574303797281,1.0,1.0,2.0,5.0,1.6612,1.0,1.1222034102823806,0.0,0.0,1.0,4.0,0.8933,0.0,1.242042421553183,0.0,1.0,1.0,4.0,1.2325,1.0,1.077385644039588,2.0,one_day_PCR,0.0,0.0,2.0,6.0,1.2375,0.0,1.7907022118267304,0.0,0.0,0.0,0.0,0.0,0.0,0.0
192.0,226.0,410.0,747.0,333.6812,246.0,149.46662033249885,3.0,3.0,6.0,12.0,5.1317,4.0,2.5972350053407367,0.0,0.0,0.0,0.0,0.0,0.0,0.0,4.0,5.0,9.0,18.0,7.3356,5.0,3.74379142547014,1.0,1.0,3.0,5.0,1.9750503018108647,2.0,1.1257167156317778,12.0,12.0,22.0,37.0,17.1975,12.0,7.0677499290018675,3.0,resident,0.0,0.0,1.0,6.0,0.861,0.0,1.6924436287639404,1.0,1.0,3.0,9.0,2.1999,1.0,2.2057711877375827,0.0,0.0,2.0,9.0,1.5119,0.0,2.5680961628782866,0.0,0.0,1.0,4.0,1.099,1.0,1.0799609398321572,2.0,one_day_PCR,0.0,0.0,3.0,13.0,2.0609,0.0,3.7109794295889977,0.0,0.0,0.0,0.0,0.0,0.0,0.0
156.0,192.0,421.0,888.0,334.0295,259.0,199.2320505610156,1.0,2.0,5.0,13.0,3.764,2.0,3.2781364550399332,0.0,0.0,0.0,0.0,0.0,0.0,0.0,4.0,5.0,10.0,24.0,8.2815,6.0,5.307115440371515,1.0,1.0,3.0,5.0,1.9982007197121152,2.0,1.112991020400966,12.0,12.0,22.0,49.0,18.9088,17.0,10.281821538298287,7.0,resident,0.0,0.0,1.0,9.0,1.2104,0.0,2.368943441558479,1.0,1.0,3.0,13.0,2.7924,1.0,3.1724609833485875,0.0,0.0,2.0,11.0,1.6988,0.0,2.9545814450022383,0.0,1.0,2.0,5.0,1.34,1.0,1.4409745454948455,2.0,one_day_PCR,0.0,0.0,4.0,20.0,3.0028,1.0,5.3811418703452585,0.0,0.0,0.0,0.0,0.0,0.0,0.0
156.0,190.0,403.0,886.0,322.0595,267.0,200.99707645193303,1.0,1.0,4.0,12.0,2.9192,2.0,3.0524421534748263,0.0,0.0,0.0,0.0,0.0,0.0,0.0,4.0,5.0,10.0,25.0,8.385,7.0,5.492048002259805,1.0,1.0,3.0,5.0,1.9714738510301109,2.0,1.1119157764804841,12.0,12.0,22.0,50.0,19.0984,17.0,10.602460028496482,,resident,0.0,0.0,1.0,9.0,1.2324,0.0,2.4282462556313757,1.0,1.0,3.0,13.0,2.862,1.0,3.2900514348326504,0.0,0.0,2.0,11.0,1.7233,0.0,2.961961247458033,0.0,1.0,1.0,5.0,1.3206,1.0,1.4131579322687728,2.0,one_day_PCR,0.0,0.0,4.0,21.0,3.0944,1.0,5.553645013618868,0.0,0.0,0.0,0.0,0.0,0.0,0.0
210.0,228.0,507.0,831.0,381.1631,310.0,190.80722637823186,4.0,5.0,12.0,24.0,9.2541,7.0,5.94966159014979,0.0,0.0,0.0,0.0,0.0,0.0,0.0,4.0,4.0,9.0,18.0,7.267,5.0,4.263042147672866,1.0,1.0,3.0,5.0,2.199106256206554,2.0,1.2524087154077614,12.0,12.0,28.0,49.0,21.6473,17.0,11.476117498408762,2.0,resident,0.0,0.0,3.0,12.0,2.1937,1.0,3.246511095534612,1.0,1.0,4.0,18.0,3.8101,1.0,4.7639382343550665,0.0,0.0,4.0,14.0,2.7974,1.0,4.100930992287038,0.0,0.0,2.0,5.0,1.306,1.0,1.3624792236814094,3.0,one_day_PCR,0.0,0.0,6.0,28.0,5.0038,1.0,7.810677706103541,0.0,0.0,0.0,0.0,0.0,0.0,0.0
192.0,192.0,604.0,925.0,421.5624,314.0,236.40673366173831,3.0,3.0,14.0,22.0,8.9099,6.0,6.167818592388954,0.0,0.0,0.0,0.0,0.0,0.0,0.0,4.0,4.0,14.0,23.0,9.2821,6.0,5.9837697265197285,1.0,1.0,3.0,5.0,2.2062231049321417,2.0,1.2544933977618482,12.0,12.0,38.0,59.0,25.8425,19.0,15.352148468415086,3.0,resident,0.0,0.0,5.0,14.0,3.1379,1.0,4.207262018863282,1.0,1.0,8.0,22.0,5.4043,2.0,6.238904864107988,0.0,0.0,8.0,20.0,4.4489,1.0,5.971696149796183,0.0,0.0,1.0,1.0,0.2603,0.0,0.4724047275617194,3.0,one_day_PCR,0.0,0.0,12.0,34.0,7.5422,2.0,10.255073662026096,0.0,0.0,0.0,0.0,0.0,0.0,0.0
140.0,174.0,598.0,992.0499999999993,408.7343,343.5,260.54871534286383,1.0,2.0,10.0,18.0,6.2157,4.0,5.070615803278972,0.0,0.0,0.0,0.0,0.0,0.0,0.0,3.0,4.0,15.0,29.0,10.3479,8.0,7.454020514607081,1.0,1.0,3.0,5.0,2.1897955791922885,2.0,1.2367148707911773,12.0,12.0,35.0,68.0,26.1234,23.0,16.415843579665445,7.0,resident,0.0,0.0,7.0,13.0,3.4896,1.0,4.27643784382086,1.0,1.0,10.0,22.0,5.9804,3.0,6.3603349932313025,0.0,0.0,4.0,14.0,2.7516,1.0,4.050054040846044,0.0,0.0,5.0,11.0,2.6202,1.0,3.3125291311812624,3.0,one_day_PCR,0.0,0.0,16.0,33.0,8.47,3.0,10.42627309814354,0.0,0.0,0.0,0.0,0.0,0.0,0.0
122.0,156.0,583.0,963.0249999999997,391.5909,323.0,257.6081728794012,1.0,1.0,9.0,16.0,5.2659,3.0,4.842741207646804,0.0,0.0,0.0,0.0,0.0,0.0,0.0,3.0,4.0,15.0,28.0,10.3186,8.0,7.410424109222619,1.0,1.0,3.0,5.0,2.209450402144772,2.0,1.2523272786123711,12.0,12.0,35.0,67.0,26.0718,23.0,16.323029402929134,,resident,0.0,0.0,7.0,13.0,3.4685,1.0,4.2389390902041795,1.0,1.0,10.0,22.0,6.0129,3.0,6.3477525933434595,0.0,0.0,4.0,14.0,2.7346,1.0,4.045787893596005,0.0,0.0,5.0,11.0,2.6238,1.0,3.3494768934187253,3.0,one_day_PCR,0.0,0.0,16.0,33.0,8.4814,3.0,10.378286222806356,0.0,0.0,0.0,0.0,0.0,0.0,0.0
141.0,160.0,582.0,892.0,409.9628,378.5,229.3887681139896,4.0,5.0,18.0,31.0,12.6618,10.0,7.963702833247964,0.0,0.0,0.0,0.0,0.0,0.0,0.0,2.0,2.0,11.0,19.0,7.2512,6.0,5.164916862508017,1.0,1.0,4.0,7.0,2.7409840461187827,2.0,1.6816800801007468,12.0,12.0,38.0,64.0,27.8071,23.0,15.35470176449636,2.0,resident,0.0,0.0,7.0,14.0,3.9352,2.0,4.221893342842739,1.0,1.0,10.0,22.0,6.2212,4.0,6.263656591751333,0.0,0.0,5.0,14.0,3.139,1.0,4.206833577035641,0.0,1.0,4.0,10.0,2.6989,2.0,2.86608796725146,7.0,one_day_PCR,0.0,0.0,15.0,34.0,9.1564,5.0,10.230445016739203,0.0,0.0,0.0,0.0,0.0,0.0,0.0
123.0,176.0,529.0,825.0,387.579,395.0,208.89467599143296,3.0,4.0,15.0,27.0,10.8186,10.0,6.752958928160941,0.0,0.0,0.0,0.0,0.0,0.0,0.0,2.0,3.0,10.0,18.0,7.3241,7.0,4.6518408348002644,1.0,1.0,4.0,7.0,2.7234777984578566,2.0,1.7114253439720766,12.0,17.0,35.0,63.0,27.5988,25.0,14.386150794895391,3.0,resident,0.0,0.0,7.0,14.0,4.1829,3.0,4.108836312581016,1.0,1.0,10.0,21.0,6.7059,5.0,5.852831003290229,0.0,0.0,3.0,10.0,2.0932,1.0,2.959896933845146,0.0,1.0,7.0,13.0,4.1744,4.0,3.971695113702412,7.0,one_day_PCR,0.0,1.0,16.0,32.0,9.8888,8.0,9.681384584900453,0.0,0.0,0.0,0.0,0.0,0.0,0.0
87.0,157.0,425.0,680.0,320.4471,337.0,167.86114779210766,1.0,3.0,9.0,16.0,6.7302,7.0,4.129711056640783,0.0,0.0,0.0,0.0,0.0,0.0,0.0,2.0,3.0,9.0,17.0,6.9501,7.0,4.113575347579526,1.0,1.0,4.0,7.0,2.7630369105477475,2.0,1.7140005915023886,12.0,17.0,33.0,58.024999999999636,26.4722,25.0,12.835501632979405,7.0,resident,0.0,0.0,6.0,12.0,3.7517,3.0,3.51591855399522,1.0,1.0,9.0,18.0,6.0758,5.0,5.009806800308535,0.0,0.0,2.0,6.0,1.3094,1.0,1.8441289871297284,0.0,1.0,7.0,13.0,4.5781,4.0,4.016654545934233,7.0,one_day_PCR,0.0,1.0,14.0,28.0,8.8275,8.0,8.217195140654624,0.0,0.0,0.0,0.0,0.0,0.0,0.0
87.0,122.0,411.0,668.0,305.0771,318.0,170.68339063181796,1.0,1.0,8.0,15.0,5.5855,6.0,3.921074754799158,0.0,0.0,0.0,0.0,0.0,0.0,0.0,2.0,3.0,10.0,17.0,7.1284,7.0,4.347574447937382,1.0,1.0,4.0,7.0,2.7556615017878427,2.0,1.7108998240846218,12.0,17.0,33.0,59.0,26.63,25.0,13.215837689552018,,resident,0.0,0.0,6.0,12.0,3.7945,3.0,3.5897574271583568,1.0,1.0,9.0,19.0,6.1998,5.0,5.1179194278463385,0.0,0.0,2.0,6.0,1.3411,1.0,1.8529150329715447,0.0,1.0,7.0,13.0,4.6079,4.0,4.022061074564725,7.0,one_day_PCR,0.0,1.0,14.0,29.0,8.9943,8.0,8.396875505914457,0.0,0.0,0.0,0.0,0.0,0.0,0.0
107.0,307.0,596.0,859.0249999999997,451.3649,441.0,203.66709694162103,4.0,10.0,21.0,33.0,16.0519,15.0,7.921090881821506,0.0,0.0,0.0,0.0,0.0,0.0,0.0,1.0,4.0,11.0,18.0,7.6184,7.0,4.720954371842425,1.0,2.0,5.0,8.0,3.3448163087321485,3.0,2.044488458959396,12.0,23.0,44.0,70.0,33.9725,31.0,15.340387103904837,2.0,resident,0.0,2.0,9.0,15.0,5.9114,5.0,4.32728813256735,1.0,3.0,13.0,24.0,8.897,8.0,6.682683355186192,0.0,0.0,7.0,15.0,3.9888,2.0,4.399501121833259,0.0,1.0,6.0,12.0,3.8924,3.0,3.468432678101775,,one_day_PCR,0.0,5.0,21.0,37.0,13.8084,12.0,10.67362553531867,0.0,0.0,0.0,0.0,0.0,0.0,0.0
89.0,307.0,496.0,776.0249999999997,394.9416,385.0,174.0146939221228,3.0,9.0,16.0,27.0,12.5453,12.0,6.085528019418487,0.0,0.0,0.0,0.0,0.0,0.0,0.0,1.0,5.0,9.0,16.0,7.0143,7.0,3.915358031247115,1.0,2.0,5.0,8.0,3.4044351740037326,3.0,2.0625926954847604,12.0,23.0,36.0,65.0,30.9807,29.0,13.156467488413346,3.0,resident,0.0,3.0,8.0,14.0,5.5294,5.0,3.8170659726108895,1.0,4.0,12.0,21.0,8.4877,8.0,5.538746833142688,0.0,0.0,3.0,9.0,2.1063,1.0,2.6381236285716336,0.0,2.0,9.0,14.0,5.815,6.0,4.122411239486271,,one_day_PCR,0.0,6.0,19.0,33.0,13.0171,12.0,8.958662475689957,0.0,0.0,0.0,0.0,0.0,0.0,0.0
71.0,256.0,395.0,628.0249999999996,319.7034,312.0,138.00588462402277,2.0,6.0,10.0,17.0,8.1779,8.0,3.837020180085875,0.0,0.0,0.0,0.0,0.0,0.0,0.0,1.0,5.0,8.0,15.0,6.5396,6.0,3.4423272362865465,1.0,2.0,5.0,8.0,3.402895710864359,3.0,2.087051689569863,12.0,24.0,35.0,61.0,29.8107,27.0,11.919977940307179,7.0,resident,0.0,3.0,7.0,13.0,5.2336,5.0,3.518731189920408,1.0,4.0,11.0,20.0,8.032,7.0,5.133167729686426,0.0,0.0,2.0,6.0,1.3748,1.0,1.83914741288474,0.0,3.0,9.0,15.0,6.1817,6.0,4.190780520874055,,one_day_PCR,0.0,6.0,17.0,31.0,12.2656,12.0,8.2419809308786,0.0,0.0,0.0,0.0,0.0,0.0,0.0
53.0,232.0,344.25,577.0249999999996,285.54,281.0,127.75858572175319,1.0,5.0,8.0,14.0,6.4106,6.0,3.247839664492172,0.0,0.0,0.0,0.0,0.0,0.0,0.0,1.0,5.0,8.0,14.0,6.4106,6.0,3.247839664492172,1.0,2.0,5.0,8.0,3.391952147906471,3.0,2.06905487737598,12.0,24.0,34.0,61.0,29.8749,27.0,11.740427324138393,,resident,0.0,3.0,8.0,13.0,5.4624,5.0,3.6140133299747146,1.0,5.0,12.0,20.0,8.4944,8.0,5.229044169854854,0.0,0.0,2.0,6.0,1.1972,1.0,1.649964968852322,0.0,3.0,10.0,15.0,6.57,7.0,4.3300317455524215,,one_day_PCR,0.0,7.0,18.0,32.0,12.9568,12.0,8.413787074872653,0.0,0.0,0.0,0.0,0.0,0.0,0.0
52.0,53.0,270.0,446.0,176.1433,152.0,122.44035335265457,4.0,5.0,14.0,24.0,9.8992,8.0,5.963035731866274,158.0,176.0,387.0,542.0,291.3356,259.0,119.60970203425,4.0,4.0,14.0,24.0,9.8418,8.0,5.9343149873795,1.0,1.0,2.0,4.0,1.7327345015461642,1.0,0.9572537671452324,12.0,12.0,38.0,59.0,26.1973,22.0,14.613717144617185,2.0,employee,1.0,1.0,5.0,13.0,3.5239,2.0,3.3831898243135483,0.0,0.0,6.0,19.0,4.0468,1.0,5.495364379453495,0.0,0.0,2.0,13.0,1.8275,0.0,3.6336571242220472,0.0,1.0,7.0,20.0,4.7919,2.0,5.782364392166613,2.0,two_day_PCR,0.0,0.0,10.0,30.0,6.5707,2.0,8.674014374125527,0.0,0.0,0.0,0.0,0.0,0.0,0.0
52.0,53.0,450.0,680.0,270.46,203.0,207.88695750024783,3.0,4.0,18.0,31.0,12.0717,9.0,8.409222949420553,141.0,176.0,397.0,583.0,302.5018,281.0,130.1162765425684,4.0,5.0,21.0,33.0,13.3437,10.0,9.20921556242048,1.0,1.0,2.0,4.0,1.8230930720783765,2.0,1.0146180749724991,12.0,12.0,45.0,76.0,31.4813,24.0,19.66130481429704,3.0,employee,1.0,1.0,9.0,15.0,4.9531,3.0,4.639725540946309,0.0,0.0,12.0,24.0,6.5281,3.0,7.660005088627278,0.0,0.0,8.0,18.0,4.3609,1.0,5.756071961541363,0.0,0.0,4.0,10.0,2.6519999999999997,2.0,2.8869238703061253,2.0,two_day_PCR,0.0,0.0,20.0,37.0,10.4812,4.0,12.100838383721968,0.0,0.0,0.0,0.0,0.0,0.0,0.0
52.0,100.0,477.0,714.0,298.161,288.0,216.31960404944718,2.0,3.0,13.0,21.0,8.4431,7.0,5.981917813216128,123.0,158.0,326.0,482.0,257.7851,246.0,102.37433452006829,4.0,6.0,22.0,35.0,14.6864,13.0,9.546798896851117,1.0,1.0,3.0,5.0,2.017953795379538,2.0,1.1576064036041012,12.0,17.0,46.0,77.0,32.85,29.0,19.412407994847413,7.0,employee,1.0,1.0,9.0,15.0,5.4153,4.0,4.650289069385137,0.0,0.0,13.0,24.0,7.3427,4.0,7.80941453666922,0.0,0.0,7.0,16.0,3.8498,1.0,4.864401936581727,0.0,0.0,5.0,11.0,3.1858,2.0,3.343470687717176,2.0,two_day_PCR,0.0,1.0,22.0,37.0,11.758,7.0,12.236445932578055,0.0,0.0,0.0,0.0,0.0,0.0,0.0
0.0,105.0,487.0,715.0249999999997,324.9026,339.0,210.4999537679133,0.0,2.0,12.0,19.0,7.7956,7.0,5.713587765013753,105.0,175.0,320.0,470.0,256.5009,247.0,97.84582147270248,4.0,8.0,23.0,36.0,16.1614,15.0,9.374696716899882,1.0,1.0,3.0,5.0,2.164829721362229,2.0,1.2362501953738618,12.0,20.0,49.0,78.0,35.729,34.0,19.370149180321945,,employee,1.0,1.0,10.0,15.0,6.2379999999999995,6.0,4.635871561045781,0.0,1.0,15.0,25.0,8.7076,7.0,7.847704179318218,0.0,0.0,8.0,16.0,4.3414,2.0,4.857016069616205,0.0,0.0,6.0,12.0,3.5765,3.0,3.5414688972508315,2.0,two_day_PCR,0.0,2.0,24.0,38.0,13.9456,12.0,12.221471968535859,0.0,0.0,0.0,0.0,0.0,0.0,0.0
52.0,53.0,459.0,700.0249999999997,276.0573,246.0,216.33530852193627,4.0,4.0,20.0,33.0,13.1773,11.0,9.135371377837963,123.0,158.0,341.0,523.0,265.2486,254.0,114.82820624626586,3.0,4.0,18.0,30.0,11.7306,10.0,8.323457913341276,1.0,1.0,2.0,4.0,1.7439534189310242,1.0,0.9601496910466972,12.0,12.0,44.0,74.0,30.4746,27.0,18.993941976935233,2.0,employee,1.0,1.0,9.0,15.0,5.1144,3.0,4.624527139624821,0.0,0.0,13.0,23.0,6.604,3.0,7.629626800867264,0.0,0.0,8.0,18.0,4.5136,2.0,5.566517192227572,0.0,0.0,4.0,11.0,2.7479,1.0,3.1922663808749805,3.0,two_day_PCR,0.0,0.0,20.0,36.0,10.7184,5.0,12.052934446137018,0.0,0.0,0.0,0.0,0.0,0.0,0.0
52.0,53.0,409.0,627.0249999999996,263.6561,283.0,185.8161876649875,3.0,4.0,16.0,27.0,11.1353,10.0,7.061528193531681,105.0,158.0,304.0,491.0,244.1006,237.0,105.73707917580884,3.0,4.0,16.0,27.0,10.9251,10.0,7.075641063511204,1.0,1.0,2.0,4.0,1.8324301197946375,2.0,1.0233408801310873,12.0,12.0,39.0,66.0,28.3643,28.0,15.872321146192098,3.0,employee,1.0,1.0,8.0,13.0,4.7143,4.0,3.8850463148445034,0.0,0.0,10.0,20.0,5.9249,4.0,6.238633828427865,0.0,0.0,6.0,14.0,3.5069,2.0,4.323565856115899,0.0,0.0,6.0,11.0,3.2801,1.0,3.5348682463922096,3.0,two_day_PCR,0.0,0.0,17.0,31.0,9.6392,7.0,9.860291369659896,0.0,0.0,0.0,0.0,0.0,0.0,0.0
52.0,53.0,383.0,606.0,261.2398,286.0,170.97967920495728,2.0,3.0,10.0,17.0,7.0709,7.0,4.315615326180539,88.0,123.0,218.0,345.0,180.4132,175.0,69.5701492475518,3.0,5.0,14.0,25.0,10.572000000000001,10.0,6.2816368803194615,1.0,1.0,3.0,5.0,2.029075942644716,2.0,1.1643940997420572,12.0,17.0,35.0,61.0,27.6409,27.0,13.798115305671233,7.0,employee,1.0,1.0,7.0,12.0,4.4783,4.0,3.4505825250204056,0.0,0.0,9.0,18.0,5.55,4.0,5.504228343098177,0.0,0.0,4.0,10.0,2.2285,1.0,2.9597235929009718,0.0,0.0,7.0,12.0,3.8984,3.0,3.7092928335914017,3.0,two_day_PCR,0.0,1.0,15.0,28.0,9.0283,8.0,8.663763915903933,0.0,0.0,0.0,0.0,0.0,0.0,0.0
0.0,105.0,376.0,599.0,268.4865,287.0,162.33528049096168,0.0,2.0,8.0,15.0,5.9111,6.0,3.9406280774724856,70.0,132.0,203.0,326.0,168.2356,167.0,69.09441581249274,3.0,6.0,15.0,25.0,11.0575,11.0,6.122168067293188,1.0,1.0,3.0,5.0,2.181072005969406,2.0,1.2453075685197237,12.0,20.0,36.0,62.0,28.9131,28.0,13.498532121195352,,employee,1.0,2.0,7.0,12.0,4.8469,4.0,3.384288068497281,0.0,1.0,10.0,18.0,6.1313,5.0,5.3737275707650545,0.0,0.0,3.0,9.0,1.989,1.0,2.6744708410128433,0.0,0.0,7.0,12.0,4.3493,4.0,3.809979147463988,3.0,two_day_PCR,0.0,2.0,16.0,28.0,9.9782,9.0,8.420808498094239,0.0,0.0,0.0,0.0,0.0,0.0,0.0
52.0,53.0,439.0,679.0,273.4121,279.0,205.62560312970814,4.0,5.0,19.0,33.0,13.1878,12.0,8.873274742757944,53.0,88.0,176.0,269.0,140.3374,134.0,56.123561421694056,1.0,2.0,12.0,20.0,7.4873,7.0,5.689857305558353,1.0,1.0,2.0,4.0,1.7474478473146915,1.0,0.9633636227156356,12.0,12.0,40.0,70.0,29.179000000000002,26.0,17.419055696280868,2.0,employee,1.0,1.0,8.0,15.0,5.0805,3.0,4.488522522327735,0.0,0.0,11.0,23.0,6.4095,4.0,7.253817721528003,0.0,0.0,4.0,12.0,2.7222,1.0,3.669383272071716,0.0,1.0,7.0,13.0,3.9903,2.0,4.093223834355483,7.0,two_day_PCR,0.0,0.0,18.0,37.0,10.49,7.0,11.522342489166155,0.0,0.0,0.0,0.0,0.0,0.0,0.0
52.0,53.0,377.0,606.0,249.6705,278.0,173.44954944989175,3.0,4.0,14.0,25.0,10.2683,10.0,6.252041579547536,53.0,88.0,133.0,216.0,114.7805,104.0,41.074155236265504,1.0,2.0,9.0,17.0,6.6291,7.0,4.476241376834628,1.0,1.0,2.0,4.0,1.8404641044234955,2.0,1.0197150374471575,12.0,12.0,34.0,61.0,26.3506,25.0,13.871074951568506,3.0,employee,1.0,1.0,7.0,12.0,4.3589,3.0,3.5270575276681195,0.0,0.0,9.0,18.0,5.2003,4.0,5.498345486626777,0.0,0.0,3.0,8.0,1.7217,1.0,2.364108290836332,0.0,1.0,7.0,13.0,4.244,3.0,4.156848799173951,7.0,two_day_PCR,0.0,0.0,15.0,28.0,8.5592,7.0,8.756241347533406,0.0,0.0,0.0,0.0,0.0,0.0,0.0
52.0,102.0,369.0,582.0,257.5962,284.0,162.44492168368356,2.0,3.0,10.0,17.0,7.2988,7.0,4.4588907511479885,18.0,53.0,105.0,156.0,75.61399999999999,53.0,34.7628285590362,2.0,3.0,10.0,17.0,7.1312,7.0,4.442584857492494,1.0,1.0,3.0,5.0,1.993850582232108,2.0,1.1276027484467883,12.0,17.0,35.0,61.0,27.8962,26.0,13.886004020983398,7.0,employee,1.0,1.0,7.0,13.0,4.599,4.0,3.5017460248456413,0.0,0.0,9.0,19.0,5.7052,5.0,5.56194089132992,0.0,0.0,2.0,7.0,1.376,1.0,1.9630102753001812,0.0,1.0,8.0,14.0,4.673,4.0,4.287646136394549,7.0,two_day_PCR,0.0,1.0,15.0,29.0,9.3042,8.0,8.764345025977324,0.0,0.0,0.0,0.0,0.0,0.0,0.0
0.0,105.0,363.25,589.0249999999996,264.8136,282.0,157.00823740715444,0.0,2.0,8.0,15.0,5.882999999999999,6.0,3.887649981960597,35.0,35.0,70.0,113.0,57.0915,62.0,25.32900873738177,2.0,4.0,10.0,18.0,7.5485,7.0,4.316655082481123,1.0,1.0,3.0,5.0,2.1907126893469084,2.0,1.2583295211520316,12.0,22.0,36.0,63.0,29.0905,28.0,13.601603218408155,,employee,1.0,2.0,7.0,13.0,5.0334,5.0,3.525440016895944,0.0,1.0,10.0,19.0,6.35,6.0,5.482655009262854,0.0,0.0,2.0,6.0,1.2651,0.0,1.872584483345071,0.0,0.0,8.0,14.0,5.0087,5.0,4.220521957123201,7.0,two_day_PCR,0.0,2.0,16.0,30.0,10.3834,10.0,8.672215701452384,0.0,0.0,0.0,0.0,0.0,0.0,0.0
52.0,53.0,431.0,680.0,271.4206,285.0,203.71843563050842,4.0,4.0,19.0,33.0,13.119000000000002,12.0,8.808779623752999,53.0,53.0,131.0,194.0,102.0346,101.0,41.94276483962686,1.0,1.0,10.0,18.0,6.3263,6.0,5.33691639223042,1.0,1.0,2.0,4.0,1.7386058981233243,1.0,0.9389413227504502,12.0,12.0,40.0,71.0,29.1592,27.0,17.50584761815557,2.0,employee,1.0,1.0,9.0,15.0,5.2219,4.0,4.582003913789969,0.0,0.0,12.0,23.024999999999643,6.6308,5.0,7.3875942643665455,0.0,0.0,4.0,12.0,2.6453,1.0,3.6165447390548007,0.0,1.0,7.0,14.0,4.1282,2.0,4.218120910358242,,two_day_PCR,0.0,0.0,19.0,37.0,10.8527,8.0,11.749110897029064,0.0,0.0,0.0,0.0,0.0,0.0,0.0
52.0,53.0,376.0,593.0,251.3482,285.0,171.51198265071534,3.0,4.0,14.0,25.0,10.3335,10.0,6.175215873077468,35.0,53.0,94.0,141.0,76.6608,70.0,27.838614229235983,1.0,1.0,8.0,15.0,5.5374,6.0,4.153230811382539,1.0,1.0,2.0,4.0,1.7995698924731185,1.0,1.0094050633067395,12.0,12.0,35.0,59.0,26.5663,25.0,13.728760038518393,3.0,employee,1.0,1.0,7.0,13.0,4.4888,4.0,3.637773755992802,0.0,0.0,9.0,18.0,5.3891,4.0,5.596072979624134,0.0,0.0,3.0,8.0,1.6304,1.0,2.2542635184026376,0.0,1.0,7.0,14.0,4.3591,3.0,4.241644297278412,,two_day_PCR,0.0,0.0,15.0,29.0,8.8779,8.0,8.95192746231386,0.0,0.0,0.0,0.0,0.0,0.0,0.0
52.0,101.0,366.0,594.0,258.0176,286.0,163.31783846805038,2.0,3.0,10.0,18.0,7.2949,7.0,4.466982133716038,17.0,18.0,36.0,53.0,27.1918,18.0,11.645470126081033,1.0,2.0,8.0,15.0,5.7217,6.0,4.025328488079413,1.0,1.0,3.0,5.0,2.004092409240924,2.0,1.1482914102418271,12.0,17.0,35.0,61.0,27.741999999999997,26.5,13.896803521486929,7.0,employee,1.0,1.0,7.0,13.0,4.7215,4.0,3.635692447933075,0.0,0.0,9.0,19.0,5.8849,5.0,5.726546194970603,0.0,0.0,2.0,6.0,1.2645,0.0,1.8597004055922168,0.0,0.0,8.0,14.0,4.746,4.0,4.354880078492382,,two_day_PCR,0.0,1.0,15.0,30.0,9.6064,8.0,9.062907517417736,0.0,0.0,0.0,0.0,0.0,0.0,0.0
0.0,151.0,346.0,570.0,260.38599999999997,277.0,150.02757690299185,0.0,3.0,8.0,14.0,5.7597,6.0,3.6597124558530485,0.0,0.0,0.0,0.0,0.0,0.0,0.0,0.0,3.0,8.0,14.0,5.7597,6.0,3.6597124558530485,1.0,1.0,3.0,5.0,2.1873367334245555,2.0,1.2595428658193235,12.0,22.0,35.0,62.0,28.8194,28.0,13.302175702787974,,employee,1.0,2.0,8.0,13.0,5.1923,5.0,3.5639571951819105,0.0,1.0,10.0,19.0,6.5878,6.0,5.599020098428499,0.0,0.0,2.0,5.0,0.9691,0.0,1.5024549667436655,0.0,0.0,8.0,14.0,5.2946,5.0,4.410845315315372,,two_day_PCR,0.0,2.0,16.0,30.0,10.7801,10.0,8.824065412441156,0.0,0.0,0.0,0.0,0.0,0.0,0.0
52.0,103.0,288.0,465.0,201.9607,196.0,121.47424811376888,4.0,6.0,16.0,25.0,11.1125,10.0,6.056476850544722,158.0,209.0,403.0,558.0,315.7574,308.0,117.56738048513037,4.0,6.0,16.0,25.0,11.1813,10.0,6.08704653535295,1.0,1.0,3.0,5.0,2.209111277072442,2.0,1.2726568872481159,12.0,17.0,39.0,63.0,29.315,27.0,14.719288051535456,2.0,resident,0.0,0.0,6.0,13.0,3.6439999999999997,2.0,3.894532159075568,1.0,1.0,9.0,20.0,6.0287,4.0,5.752128737128617,0.0,0.0,3.0,14.0,2.492,0.0,4.120683681550955,0.0,1.0,10.0,21.0,6.0654,4.0,6.1506020705767535,2.0,two_day_PCR,0.0,1.0,15.0,31.0,8.6727,5.0,9.385402670547963,0.0,0.0,0.0,0.0,0.0,0.0,0.0
52.0,104.0,475.0,694.0,307.2981,296.0,205.61117681680926,3.0,6.0,20.0,31.0,13.2996,12.0,8.399303225236421,140.0,208.0,402.0,584.0249999999996,316.233,307.0,126.49895774128322,4.0,6.0,22.0,34.0,14.8333,14.0,9.225346704172221,1.0,1.0,3.0,5.0,2.200372439478585,2.0,1.2531856046718846,12.0,17.0,49.0,77.0,34.4588,30.0,19.51446601878719,3.0,resident,0.0,0.0,9.0,15.0,5.0982,4.0,4.985202301230957,1.0,2.0,15.0,24.0,8.5003,6.0,7.627897376855509,0.0,0.0,10.0,19.0,5.3632,3.0,5.991733960013976,0.0,1.0,5.0,11.0,3.0888,2.0,2.9741888204876963,2.0,two_day_PCR,0.0,1.0,23.0,37.0,12.5985,8.0,12.37875684841217,0.0,0.0,0.0,0.0,0.0,0.0,0.0
52.0,104.0,493.0,725.0249999999997,323.7213,335.0,212.5947061363893,1.0,3.0,13.0,21.0,8.7972,8.0,5.937625594441769,104.0,157.0,314.25,467.0,250.3672,246.0,98.56569831258936,4.0,7.0,22.0,35.0,15.4627,14.0,9.431134785397463,1.0,1.0,3.0,5.0,2.18560794044665,2.0,1.2406408789138137,12.0,17.0,47.0,76.0,34.211999999999996,31.0,18.85822418102845,7.0,resident,0.0,0.0,9.0,15.0,5.2215,4.0,4.9403115709276655,1.0,2.0,15.0,24.024999999999643,8.7188,6.0,7.633187611693527,0.0,0.0,8.0,16.0,4.3766,2.0,5.009219666591477,0.0,1.0,6.0,12.0,3.7469,3.0,3.4501058988198183,2.0,two_day_PCR,0.0,1.0,23.0,38.0,12.9403,10.0,12.332905009145104,0.0,0.0,0.0,0.0,0.0,0.0,0.0
52.0,104.0,498.0,727.0249999999997,329.4286,343.0,215.0871915108736,1.0,2.0,12.0,20.0,7.9048,8.0,5.85253467962537,104.0,139.0,298.0,451.0,235.1608,231.0,98.2575248898513,4.0,7.0,23.0,36.0,15.7489,15.0,9.59787792775422,1.0,1.0,3.0,5.0,2.181683534929647,2.0,1.2592853174518197,12.0,17.0,49.0,78.0,34.9359,33.0,19.41351796192452,,resident,0.0,0.0,10.0,15.0,5.4216,5.0,4.993891001487063,1.0,2.0,15.0,25.0,9.1156,7.0,7.722577319784245,0.0,0.0,8.0,16.0,4.5359,3.0,5.0241253341788115,0.0,1.0,6.0,12.0,3.8531,3.0,3.5488279484895853,2.0,two_day_PCR,0.0,1.0,24.0,38.0,13.5372,11.0,12.463657185394805,0.0,0.0,0.0,0.0,0.0,0.0,0.0
52.0,105.0,474.0,700.0249999999997,318.9297,330.0,200.8409745734589,4.0,7.0,21.0,34.0,14.8085,14.0,8.731222776628567,142.0,208.0,355.0,536.0,288.3172,273.0,107.8430785777173,3.0,6.0,19.0,31.0,13.3454,12.0,7.965365248647072,1.0,1.0,3.0,6.0,2.3679358237547894,2.0,1.394702896588485,12.0,18.0,45.0,76.0,33.5698,30.0,18.263665681029394,2.0,resident,0.0,1.0,9.0,15.0,5.34,4.0,4.844021723180592,1.0,2.0,14.0,24.0,8.6357,7.0,7.365012549275466,0.0,0.0,9.0,18.0,5.2197,3.0,5.597925114411469,0.0,1.0,6.0,12.0,3.4893,2.0,3.360359312851997,3.0,two_day_PCR,0.0,2.0,23.0,37.0,12.9757,10.0,11.956504727993504,0.0,0.0,0.0,0.0,0.0,0.0,0.0
52.0,105.0,417.0,624.0,296.9847,322.0,171.22472968796203,3.0,6.0,16.0,27.0,12.0512,12.0,6.649405990011588,106.0,191.0,317.25,483.0,259.4127,247.0,96.48407897917484,3.0,6.0,16.0,27.0,12.2421,12.0,6.639314395294439,1.0,1.0,3.0,6.0,2.3796184496498434,2.0,1.3677888971364265,12.0,18.0,40.0,66.0,30.5004,29.0,14.81020371410891,3.0,resident,0.0,1.0,8.0,13.0,4.8118,4.0,4.0714663751337055,1.0,2.0,12.0,21.0,7.7642,7.0,6.018556360296563,0.0,0.0,7.0,15.0,4.1973,3.0,4.4634252459845944,0.0,1.0,7.0,12.0,3.9464,4.0,3.589124575926858,3.0,two_day_PCR,0.0,2.0,19.0,32.0,11.575999999999999,11.0,9.774516771575554,0.0,0.0,0.0,0.0,0.0,0.0,0.0
52.0,147.75,396.0,617.0,288.10200000000003,300.0,164.86958055948156,1.0,4.0,10.0,17.0,7.4313,7.0,4.231414751248064,88.0,122.0,212.0,336.0,181.5095,175.0,63.14581101779363,3.0,6.0,15.0,25.0,11.4899,11.0,6.1025586529103695,1.0,1.0,3.0,6.0,2.34869861347604,2.0,1.3912021806699466,12.0,18.0,35.0,61.0,28.8175,29.0,13.50418564938313,7.0,resident,0.0,1.0,7.0,12.0,4.2985,4.0,3.645452877581641,1.0,2.0,11.0,19.0,7.0516,6.0,5.4468618736321055,0.0,0.0,4.0,11.0,2.7119999999999997,2.0,3.1069955491011267,0.0,1.0,7.0,12.0,4.4877,4.0,3.7612582225023634,3.0,two_day_PCR,0.0,2.0,16.0,30.0,10.3501,9.0,8.762123456716818,0.0,0.0,0.0,0.0,0.0,0.0,0.0
52.0,152.0,394.25,612.0,289.8813,312.0,163.016584588793,1.0,3.0,9.0,15.0,6.4201,7.0,4.012483768515365,70.0,104.0,194.0,309.0,163.8055,160.0,58.431192784154405,3.0,6.0,15.0,25.0,11.5253,12.0,5.959791256510762,1.0,1.0,3.0,6.0,2.343693530899892,2.0,1.3800839138247734,12.0,18.0,35.0,61.0,28.8754,29.0,13.181124726096197,,resident,0.0,1.0,7.0,12.0,4.3619,4.0,3.6606377063076985,1.0,2.0,11.0,19.0,7.1027,6.0,5.407335447118458,0.0,0.0,4.0,11.0,2.7192,2.0,3.119282666324942,0.0,1.0,7.0,12.0,4.5647,4.0,3.751722464701409,3.0,two_day_PCR,0.0,2.0,16.0,30.0,10.4646,10.0,8.730805778217363,0.0,0.0,0.0,0.0,0.0,0.0,0.0
52.0,154.0,459.0,705.0,325.9592,332.0,187.99782087414033,4.0,9.0,20.0,34.0,15.2993,14.0,8.342798076063799,89.0,125.0,191.0,278.0,162.4727,157.0,50.092096946800424,2.0,5.0,13.0,21.0,9.1462,9.0,5.393935021253163,1.0,1.0,4.0,7.0,2.8082776112520174,2.0,1.7405893523123583,12.0,21.0,42.0,73.0,33.0054,30.0,16.616184297186276,2.0,resident,0.0,1.0,9.0,15.0,5.6961,5.0,4.716966161313508,1.0,2.0,14.0,24.0,8.9632,8.0,7.083224051679901,0.0,0.0,6.0,13.0,3.4183,2.0,3.831082461822367,0.0,1.0,8.0,14.0,4.9269,4.0,4.082820511892879,7.0,two_day_PCR,0.0,3.0,22.0,38.0,13.6593,12.0,11.511449728747714,0.0,0.0,0.0,0.0,0.0,0.0,0.0
52.0,198.0,388.0,601.0,293.1264,297.0,152.23919961833099,3.0,8.0,15.0,25.0,11.5313,11.0,5.773591061494964,71.0,102.0,152.0,226.0,128.392,120.0,40.594525832342896,2.0,5.0,10.0,17.0,7.9475,8.0,4.084778120195652,1.0,1.0,4.0,7.0,2.8461449809842114,2.0,1.7640172842061643,12.0,22.0,35.0,61.0,29.1332,28.0,12.628388867172966,3.0,resident,0.0,2.0,7.0,13.0,4.7072,4.0,3.6782361400690697,1.0,3.0,11.0,19.0,7.3222,7.0,5.232946161824453,0.0,0.0,3.0,9.0,2.2027,1.0,2.5558689239856687,0.0,1.0,8.0,14.0,5.3045,5.0,4.051594907209902,7.0,two_day_PCR,0.0,4.0,17.0,30.0,11.0294,10.0,8.538514288951344,0.0,0.0,0.0,0.0,0.0,0.0,0.0
52.0,199.0,368.0,577.0,281.8027,290.0,144.10705276625325,2.0,5.0,10.0,17.0,7.6839,7.0,4.0323202688619695,35.0,53.0,105.0,155.0,77.8209,53.0,33.77584793873276,2.0,5.0,10.0,17.0,7.8464,8.0,4.042652760766674,1.0,1.0,4.0,7.0,2.83331422675685,2.0,1.7764168518836156,12.0,22.0,35.0,61.0,28.9525,26.0,12.709130416735638,7.0,resident,0.0,2.0,7.0,13.0,4.5299,4.0,3.5730354949629066,1.0,3.0,10.0,19.0,7.1828,6.0,5.153934464469488,0.0,0.0,3.0,7.0,1.6205,1.0,2.017990827208556,0.0,2.0,8.0,14.0,5.5146,5.0,4.148747769002724,7.0,two_day_PCR,0.0,4.0,16.0,30.0,10.7127,10.0,8.365450184280494,0.0,0.0,0.0,0.0,0.0,0.0,0.0
52.0,201.0,374.0,602.0,288.3305,292.0,148.48101538898194,1.0,4.0,8.0,15.0,6.4252,6.0,3.774205800289949,34.0,35.0,70.0,104.0,53.5224,35.0,23.35348446728403,2.0,5.0,10.0,18.0,7.9988,8.0,4.184967139058024,1.0,1.0,4.0,7.0,2.814924691921497,2.0,1.7679422999830787,12.0,23.0,35.0,62.0,29.2808,27.0,13.069140430922008,,resident,0.0,2.0,7.0,13.0,4.6162,4.0,3.6018876883506445,1.0,3.0,10.0,20.0,7.3202,7.0,5.217316743250303,0.0,0.0,2.0,7.0,1.5923,1.0,1.9984694388480904,0.0,2.0,8.0,14.0,5.5074,5.0,4.087495076645372,7.0,two_day_PCR,0.0,4.0,16.0,30.024999999999643,10.9364,10.0,8.461318717046604,0.0,0.0,0.0,0.0,0.0,0.0,0.0
53.0,241.0,451.0,683.0,339.4356,332.0,169.20726746383042,4.0,11.0,21.0,34.0,16.1371,15.0,7.762881541217946,54.0,98.0,140.0,203.0,120.7091,116.0,35.335052480269205,1.0,5.0,11.0,19.0,8.0825,7.0,4.749689432475612,1.0,2.0,5.0,8.0,3.364613023459768,3.0,2.068058570723537,12.0,24.0,43.0,74.0,34.4812,30.0,15.931140156393962,2.0,resident,0.0,3.0,10.0,16.0,6.4799,6.0,4.520845030962618,1.0,5.0,15.0,25.0,10.0816,9.0,6.7890758277588485,0.0,0.0,5.0,13.0,3.346,2.0,3.6393417647767135,0.0,2.0,9.0,14.0,5.7082,6.0,4.173175565373442,,two_day_PCR,0.0,7.0,23.0,39.0,15.5615,14.0,10.962419222668018,0.0,0.0,0.0,0.0,0.0,0.0,0.0
53.0,235.0,373.0,593.0,296.83099999999996,291.0,136.34928218247123,3.0,9.0,14.0,25.0,11.8671,11.0,5.3683069455784835,36.0,68.0,97.0,147.0,83.7596,82.0,26.561550395937804,1.0,5.0,8.0,15.0,6.6577,6.0,3.498964844850338,1.0,2.0,5.0,8.0,3.3481723949809057,3.0,2.074401300606957,12.0,24.0,35.0,60.0,29.8326,28.0,11.796113430668886,3.0,resident,0.0,3.0,8.0,13.0,5.3025,5.0,3.5741672060945486,1.0,4.0,11.0,20.0,8.1477,8.0,5.167064405003731,0.0,0.0,3.0,8.0,1.8130000000000002,1.0,2.2295578245045093,0.0,3.0,9.0,14.0,6.1338,6.0,4.16288728204984,,two_day_PCR,0.0,7.0,18.0,31.0,12.4502,12.0,8.314122468621829,0.0,0.0,0.0,0.0,0.0,0.0,0.0
53.0,233.0,362.0,583.0,291.1116,286.0,132.36196702403393,2.0,6.0,10.0,17.0,8.1799,8.0,3.791539735695346,18.0,18.0,36.0,54.0,28.3454,30.0,11.340227463146036,1.0,5.0,8.0,15.0,6.5567,6.0,3.4206074263961583,1.0,2.0,5.0,8.0,3.445741084087687,3.0,2.114657775518906,12.0,24.0,35.0,61.024999999999636,29.8969,27.0,11.850920420856859,7.0,resident,0.0,3.0,8.0,13.0,5.386,5.0,3.6037345476975733,1.0,5.0,11.0,21.0,8.3312,8.0,5.259854861810992,0.0,0.0,2.0,6.0,1.376,1.0,1.8475295225066508,0.0,3.0,9.0,15.0,6.4373,6.0,4.292937414074904,,two_day_PCR,0.0,7.0,18.0,32.0,12.7172,12.0,8.43303834768806,0.0,0.0,0.0,0.0,0.0,0.0,0.0
53.0,231.0,344.0,559.0,283.099,281.0,126.73463838215893,1.0,5.0,8.0,14.0,6.3454,6.0,3.2213252759777875,0.0,0.0,0.0,0.0,0.0,0.0,0.0,1.0,5.0,8.0,14.0,6.3454,6.0,3.2213252759777875,1.0,2.0,5.0,8.0,3.3719912472647704,3.0,2.0532155880314966,12.0,24.0,34.0,60.0,29.6374,27.0,11.53187840995413,,resident,0.0,3.0,8.0,13.0,5.3759,5.0,3.600568788338858,1.0,4.0,11.0,20.0,8.3763,8.0,5.2578952876874245,0.0,0.0,2.0,5.0,1.1693,0.0,1.6279135481505231,0.0,3.0,10.0,15.0,6.4638,6.0,4.336723449452098,,two_day_PCR,0.0,7.0,18.0,32.0,12.7522,12.0,8.435775684022135,0.0,0.0,0.0,0.0,0.0,0.0,0.0
